/*
Navicat MySQL Data Transfer

Source Server         : User_localhost
Source Server Version : 80015
Source Host           : localhost:3306
Source Database       : javaproject

Target Server Type    : MYSQL
Target Server Version : 80015
File Encoding         : 65001

Date: 2019-06-23 09:25:24
*/

SET FOREIGN_KEY_CHECKS=0;

-- ----------------------------
-- Table structure for classification
-- ----------------------------
DROP TABLE IF EXISTS `classification`;
CREATE TABLE `classification` (
  `classificationId` char(32) NOT NULL,
  `classificationName` char(20) NOT NULL,
  `classificationDeleteFlag` int(1) NOT NULL DEFAULT '0',
  PRIMARY KEY (`classificationId`)
) ENGINE=InnoDB DEFAULT CHARSET=utf8 COLLATE=utf8_general_ci;

-- ----------------------------
-- Records of classification
-- ----------------------------
INSERT INTO `classification` VALUES ('38d66292b8c8562e6054d65368a794ef', '服装', '0');
INSERT INTO `classification` VALUES ('7fb978f96e67a73d7d6486050430a92c', '洗化用品', '0');
INSERT INTO `classification` VALUES ('a745ea3355120f868b2f67e513785062', '食品', '0');
INSERT INTO `classification` VALUES ('ac734c4f24dff6f431126f8f0c1e6723', '文具', '0');
INSERT INTO `classification` VALUES ('c4b936c9240e05cce744eb71e29ab28a', '电子设备', '0');
INSERT INTO `classification` VALUES ('dc28f518216a4d38d6b5514868ee956a', '家居用品', '0');

-- ----------------------------
-- Table structure for entrylist
-- ----------------------------
DROP TABLE IF EXISTS `entrylist`;
CREATE TABLE `entrylist` (
  `entrylistId` char(32) NOT NULL,
  `entrylistNumber` char(20) NOT NULL,
  `userId` char(32) CHARACTER SET utf8 COLLATE utf8_general_ci NOT NULL,
  `warehouseId` char(32) CHARACTER SET utf8 COLLATE utf8_general_ci NOT NULL,
  `classificationId` char(32) CHARACTER SET utf8 COLLATE utf8_general_ci NOT NULL,
  `goodsId` char(32) CHARACTER SET utf8 COLLATE utf8_general_ci NOT NULL,
  `entrylistQuantity` int(10) NOT NULL,
  `entrylistUnitPrice` double(10,2) NOT NULL,
  `entrylistDate` char(20) CHARACTER SET utf8 COLLATE utf8_general_ci NOT NULL,
  `entrylistDeleteFlag` int(1) NOT NULL,
  PRIMARY KEY (`entrylistId`),
  KEY `entrylist_user` (`userId`),
  KEY `entrylist_warehouse` (`warehouseId`),
  KEY `entrylist_classification` (`classificationId`),
  KEY `entrylist_goods` (`goodsId`),
  CONSTRAINT `entrylist_classification` FOREIGN KEY (`classificationId`) REFERENCES `classification` (`classificationId`) ON DELETE CASCADE ON UPDATE CASCADE,
  CONSTRAINT `entrylist_goods` FOREIGN KEY (`goodsId`) REFERENCES `goods` (`goodsId`) ON DELETE CASCADE ON UPDATE CASCADE,
  CONSTRAINT `entrylist_user` FOREIGN KEY (`userId`) REFERENCES `user` (`userId`) ON DELETE CASCADE ON UPDATE CASCADE,
  CONSTRAINT `entrylist_warehouse` FOREIGN KEY (`warehouseId`) REFERENCES `warehouse` (`warehouseId`) ON DELETE CASCADE ON UPDATE CASCADE
) ENGINE=InnoDB DEFAULT CHARSET=utf8 COLLATE=utf8_general_ci;

-- ----------------------------
-- Records of entrylist
-- ----------------------------
INSERT INTO `entrylist` VALUES ('0170479edc886b757d8a28b122406257', '03420190', '87b065efb9d27ec53119a59b8d030c4d', 'ab98710ec68d6cefad93e8ef0d819aa6', 'dc28f518216a4d38d6b5514868ee956a', '928ca1d4de9f605f2f6012ac3646fa5f', '207', '589.90', '2019-5-23', '0');
INSERT INTO `entrylist` VALUES ('0186e5482de863efe37a36fd85b37f83', '95221827', '72da084ee25803524b042b34515c16e7', '457330c3d05a6d89341c6a63a929c0fa', 'c4b936c9240e05cce744eb71e29ab28a', '003181360775eb50c12bbb09f7b5fe92', '518', '3666.60', '2019-5-23', '0');
INSERT INTO `entrylist` VALUES ('01bd232e3ac56a789260961fb0df894f', '61230711', '6cd875ce75f01a39ff0a4bbc87a3d6da', '2d722c023ca1039213a863f06652857f', 'a745ea3355120f868b2f67e513785062', 'a0f7661b553558fd89d0cc5f1e93d4f6', '201', '37.98', '2019-5-23', '0');
INSERT INTO `entrylist` VALUES ('025667ef13790a7a49469a610ee65207', '63013895', '6cd875ce75f01a39ff0a4bbc87a3d6da', '2108b03e230345f753efc70cbe0001f8', '7fb978f96e67a73d7d6486050430a92c', '3d6ea1929c2eb05fcb12277c10239b3f', '602', '22.53', '2019-5-23', '0');
INSERT INTO `entrylist` VALUES ('0394242262c8f96fce21c13916c5a917', '34606754', '6e00d2118bfd557ac797b03a69a781e7', 'ab98710ec68d6cefad93e8ef0d819aa6', 'dc28f518216a4d38d6b5514868ee956a', '54bdbf4d014c40f358bdb8dca43ba115', '292', '571.20', '2019-5-23', '0');
INSERT INTO `entrylist` VALUES ('03f35045ffc2962cc09f3cb05916c6a6', '62263403', '1c773d10944c536f7edc07ceca6cbc51', 'f67bfe8acf23c7224356ff7d0c71299a', 'dc28f518216a4d38d6b5514868ee956a', '84cc585bead6958005fde94e3c6b109e', '798', '309.40', '2019-5-23', '0');
INSERT INTO `entrylist` VALUES ('046948e524c2cc318c66613687309683', '66668191', '72da084ee25803524b042b34515c16e7', '69b19d48483c00b11d1e69f28510e465', 'dc28f518216a4d38d6b5514868ee956a', 'f8f57b63f9eb7b71d7a2f74c0673ea12', '437', '202.30', '2019-5-23', '0');
INSERT INTO `entrylist` VALUES ('04dca12832370f96482cd3f003dbcc00', '59692262', '7eb5380398462e60a6e455cb0306670c', '870994052f21a96352872a511774d3c7', 'dc28f518216a4d38d6b5514868ee956a', '8a301d037a2c1377d76cdf8bb1aa9cd9', '666', '96.05', '2019-5-23', '0');
INSERT INTO `entrylist` VALUES ('06b6d48287b414e296e555cd5ee3bdf8', '39150997', 'dde5582b43ee37c0c49265063544db7f', '1dbc719be5b84382717e5653dd33048d', '7fb978f96e67a73d7d6486050430a92c', '4aa64bba794b63e2cb216c1ca79efb1d', '602', '31.50', '2019-5-23', '0');
INSERT INTO `entrylist` VALUES ('0736b585da5d43bc72a2c5b23ebec484', '35068321', 'dde5582b43ee37c0c49265063544db7f', '69b19d48483c00b11d1e69f28510e465', 'dc28f518216a4d38d6b5514868ee956a', '53e6871bbb59c689e2c8be605e88bdc0', '703', '540.60', '2019-5-23', '0');
INSERT INTO `entrylist` VALUES ('07a736cb56c928cce9ad3f2050518651', '01532026', '32b0a1ed0f322b16689345f0a711e522', '2108b03e230345f753efc70cbe0001f8', 'c4b936c9240e05cce744eb71e29ab28a', 'baae43cda73c29652c587d31ac75e5a4', '609', '2754.50', '2019-5-23', '0');
INSERT INTO `entrylist` VALUES ('08cb645e6a165cbb77f318d641c13918', '85140234', '6e00d2118bfd557ac797b03a69a781e7', '870994052f21a96352872a511774d3c7', '38d66292b8c8562e6054d65368a794ef', 'd1437debac24d3618c2cd907f5cc4371', '300', '576.00', '2019-5-23', '0');
INSERT INTO `entrylist` VALUES ('097023f9a4c383adf476b449c6e5eb26', '69792327', 'dde5582b43ee37c0c49265063544db7f', 'f67bfe8acf23c7224356ff7d0c71299a', 'c4b936c9240e05cce744eb71e29ab28a', '7ab0e83acb6ddb5f7e54c287871d8bd6', '728', '3600.10', '2019-5-23', '0');
INSERT INTO `entrylist` VALUES ('0ace5062eec2e9f93213e77be6dccdf3', '65378695', '7eb5380398462e60a6e455cb0306670c', '457330c3d05a6d89341c6a63a929c0fa', 'a745ea3355120f868b2f67e513785062', '1511279b2d2dbde90d13be193de2f85a', '887', '18.50', '2019-5-23', '0');
INSERT INTO `entrylist` VALUES ('0ca5e4a1ebafbf8fcdff6ca5d1df7b74', '40246528', '6cd875ce75f01a39ff0a4bbc87a3d6da', '2108b03e230345f753efc70cbe0001f8', 'a745ea3355120f868b2f67e513785062', '436c0f75ba16e8b36b9f05a5b81fed63', '710', '9.56', '2019-5-23', '0');
INSERT INTO `entrylist` VALUES ('0cc34cd55a5e87a73e19aac38a69106d', '83443981', '72da084ee25803524b042b34515c16e7', '457330c3d05a6d89341c6a63a929c0fa', '38d66292b8c8562e6054d65368a794ef', '30467f00b67c6d7493c16e9fcb8162f2', '720', '464.80', '2019-5-23', '0');
INSERT INTO `entrylist` VALUES ('0dd7dd1a23ec1528c038d66979642993', '18541694', '1c773d10944c536f7edc07ceca6cbc51', 'ab98710ec68d6cefad93e8ef0d819aa6', '38d66292b8c8562e6054d65368a794ef', 'dddf6bedd0d15f3849457ee690fc833b', '641', '179.20', '2019-5-23', '0');
INSERT INTO `entrylist` VALUES ('0e2548c646d55ce9ae6c4290219840b1', '65529424', '6cd875ce75f01a39ff0a4bbc87a3d6da', '2108b03e230345f753efc70cbe0001f8', '38d66292b8c8562e6054d65368a794ef', 'e33558e422ed59252821b1d7ea739576', '677', '100.80', '2019-5-23', '0');
INSERT INTO `entrylist` VALUES ('0eb76b4ae1f5901b137012754654e4a1', '59600341', '72da084ee25803524b042b34515c16e7', 'ab98710ec68d6cefad93e8ef0d819aa6', 'a745ea3355120f868b2f67e513785062', '42538d81c0b9709ee22a99d7498bd832', '632', '13.52', '2019-5-23', '0');
INSERT INTO `entrylist` VALUES ('0f1d8f68156018e3b3daa781879c55f3', '28102355', '72da084ee25803524b042b34515c16e7', '2d722c023ca1039213a863f06652857f', 'ac734c4f24dff6f431126f8f0c1e6723', 'e2d3fb9173932dbeab913c80d3eaec11', '557', '8.82', '2019-5-23', '0');
INSERT INTO `entrylist` VALUES ('0fae079afd22830e4174cb3ac64493ca', '85526826', 'dde5582b43ee37c0c49265063544db7f', '1dbc719be5b84382717e5653dd33048d', '38d66292b8c8562e6054d65368a794ef', '7ddce767bede755d3a110449ddb8a720', '834', '443.20', '2019-5-23', '0');
INSERT INTO `entrylist` VALUES ('115ec0db2a3255900b95b74751bbfe49', '01284967', 'dde5582b43ee37c0c49265063544db7f', 'f67bfe8acf23c7224356ff7d0c71299a', 'a745ea3355120f868b2f67e513785062', '8c3ac492d9f2cd06687bbc74fc3293c8', '380', '27.40', '2019-5-23', '0');
INSERT INTO `entrylist` VALUES ('12ac25969dd633be1d2e0d693b38d26c', '10439091', 'a63a5240e91373bd6cfb7abcc618cfba', '1dbc719be5b84382717e5653dd33048d', 'a745ea3355120f868b2f67e513785062', '5c0eb90adaa3e7d5776d6aaba893900d', '881', '40.97', '2019-5-23', '0');
INSERT INTO `entrylist` VALUES ('1349902faacd0e1771bd8bf80a6431e3', '22761975', '6cd875ce75f01a39ff0a4bbc87a3d6da', '1dbc719be5b84382717e5653dd33048d', '38d66292b8c8562e6054d65368a794ef', '6c52259ed19d45fe0df7df9eed79070e', '599', '577.60', '2019-5-23', '0');
INSERT INTO `entrylist` VALUES ('1366cdd174530a74e54ed86ddeb5731f', '01363017', '87b065efb9d27ec53119a59b8d030c4d', '2108b03e230345f753efc70cbe0001f8', 'c4b936c9240e05cce744eb71e29ab28a', 'ae2ac2070d521f0b10902d49fef4a172', '459', '4755.10', '2019-5-23', '0');
INSERT INTO `entrylist` VALUES ('141398320ef3d652584f73b0a67cca75', '22567157', '6e00d2118bfd557ac797b03a69a781e7', '870994052f21a96352872a511774d3c7', '7fb978f96e67a73d7d6486050430a92c', 'aa98d508d7e30b1106614c62b046a7b1', '915', '18.13', '2019-5-23', '0');
INSERT INTO `entrylist` VALUES ('16c5792bdc75ad71981c038a28cba91c', '23777446', '1c773d10944c536f7edc07ceca6cbc51', '457330c3d05a6d89341c6a63a929c0fa', 'ac734c4f24dff6f431126f8f0c1e6723', 'cd263128231acc8de49568b9e2a80c6d', '354', '5.67', '2019-5-23', '0');
INSERT INTO `entrylist` VALUES ('16e24184a7e35032f3c589b6beb2eae4', '30803597', '7eb5380398462e60a6e455cb0306670c', '870994052f21a96352872a511774d3c7', '38d66292b8c8562e6054d65368a794ef', 'd1437debac24d3618c2cd907f5cc4371', '883', '576.00', '2019-5-23', '0');
INSERT INTO `entrylist` VALUES ('185e6f667ac47553a9663e411caf85b1', '43130263', 'dde5582b43ee37c0c49265063544db7f', 'f67bfe8acf23c7224356ff7d0c71299a', 'c4b936c9240e05cce744eb71e29ab28a', '30be76d6710f105365551319490af2a9', '994', '4713.80', '2019-5-23', '0');
INSERT INTO `entrylist` VALUES ('18f8bc00df17a29ea6de2856b06394bf', '98198996', '1c773d10944c536f7edc07ceca6cbc51', '457330c3d05a6d89341c6a63a929c0fa', 'ac734c4f24dff6f431126f8f0c1e6723', 'cd263128231acc8de49568b9e2a80c6d', '706', '5.67', '2019-5-23', '0');
INSERT INTO `entrylist` VALUES ('1915fb5da1bda8a5ce346778f1282981', '91996422', 'a63a5240e91373bd6cfb7abcc618cfba', 'f67bfe8acf23c7224356ff7d0c71299a', '7fb978f96e67a73d7d6486050430a92c', '27762286381e59a417fc35f4d40d897f', '337', '30.10', '2019-5-23', '0');
INSERT INTO `entrylist` VALUES ('1a6a1a274acb9ca3e84cebfc0fc68025', '92650988', 'dde5582b43ee37c0c49265063544db7f', '69b19d48483c00b11d1e69f28510e465', '38d66292b8c8562e6054d65368a794ef', 'f77819c66cafd6b4d203571b33f73831', '342', '548.80', '2019-5-23', '0');
INSERT INTO `entrylist` VALUES ('1a7a6e84f92ba62cfbd6e8d531564109', '35668596', '87b065efb9d27ec53119a59b8d030c4d', '1dbc719be5b84382717e5653dd33048d', 'c4b936c9240e05cce744eb71e29ab28a', '9cfe7080ada28a11c13732e9eb7b7539', '726', '1932.00', '2019-5-23', '0');
INSERT INTO `entrylist` VALUES ('1aada334e3e6ac7f7e51a73f43706b47', '01360413', '72da084ee25803524b042b34515c16e7', '1dbc719be5b84382717e5653dd33048d', 'ac734c4f24dff6f431126f8f0c1e6723', '88c827143814363f6f19bec86ee2e642', '852', '9.99', '2019-5-23', '0');
INSERT INTO `entrylist` VALUES ('1b702b22812c203d189c87688c476e3a', '81263509', '7eb5380398462e60a6e455cb0306670c', '69b19d48483c00b11d1e69f28510e465', 'c4b936c9240e05cce744eb71e29ab28a', '6775b745e4d135545f7d6a8715f97415', '749', '5427.80', '2019-5-23', '0');
INSERT INTO `entrylist` VALUES ('1cd236909be5a1bb59352aba020523b8', '70747041', '50a6660a946e14fe8c5f3655866558cf', '2d722c023ca1039213a863f06652857f', 'a745ea3355120f868b2f67e513785062', '3a1c328bf9cf786d7fe039882c69ec8f', '722', '26.89', '2019-5-23', '0');
INSERT INTO `entrylist` VALUES ('1de18b47db5da1db094a315d3cef378f', '83602247', '1c773d10944c536f7edc07ceca6cbc51', '2d722c023ca1039213a863f06652857f', 'a745ea3355120f868b2f67e513785062', '3b9bf9577af56c9b9a63a914ca3d6275', '984', '36.17', '2019-5-23', '0');
INSERT INTO `entrylist` VALUES ('1e0c64287fbe4af3f5c422d04beadae3', '61058134', '72da084ee25803524b042b34515c16e7', '457330c3d05a6d89341c6a63a929c0fa', 'ac734c4f24dff6f431126f8f0c1e6723', '7300a98980ef8698d128e175ff2f5a2d', '763', '12.06', '2019-5-23', '0');
INSERT INTO `entrylist` VALUES ('1f1af12ce7e338c87acb5d07f290c9a1', '99443402', '6cd875ce75f01a39ff0a4bbc87a3d6da', 'f67bfe8acf23c7224356ff7d0c71299a', 'c4b936c9240e05cce744eb71e29ab28a', '30be76d6710f105365551319490af2a9', '450', '4713.80', '2019-5-23', '0');
INSERT INTO `entrylist` VALUES ('1fd95de450dec489f0e8a075977740cd', '68263508', '6cd875ce75f01a39ff0a4bbc87a3d6da', '1dbc719be5b84382717e5653dd33048d', 'a745ea3355120f868b2f67e513785062', '59f4820044ec05af42c5621825c60f0c', '861', '28.93', '2019-5-23', '0');
INSERT INTO `entrylist` VALUES ('1fffda065c2da5b8ba26baae799c2b2e', '46306612', '6e00d2118bfd557ac797b03a69a781e7', '870994052f21a96352872a511774d3c7', 'ac734c4f24dff6f431126f8f0c1e6723', 'd4aafb6b962893b4ad75e6e54c99fa2a', '594', '8.37', '2019-5-23', '0');
INSERT INTO `entrylist` VALUES ('209ca394c6f8dfe2efcdf4a045645ec8', '89460101', '6e00d2118bfd557ac797b03a69a781e7', '1dbc719be5b84382717e5653dd33048d', 'c4b936c9240e05cce744eb71e29ab28a', '678995f4e8b28f818d21904a9214a31c', '271', '5180.70', '2019-5-23', '0');
INSERT INTO `entrylist` VALUES ('20ec79d1ee091d33893f241b8eefa1a4', '71255600', 'a63a5240e91373bd6cfb7abcc618cfba', '2108b03e230345f753efc70cbe0001f8', '38d66292b8c8562e6054d65368a794ef', '74932cd591cdd880fddf729c3896eb7d', '256', '571.20', '2019-5-23', '0');
INSERT INTO `entrylist` VALUES ('23d5081cbb59b07aa722a286b28ee2ac', '43321786', '1c773d10944c536f7edc07ceca6cbc51', '2d722c023ca1039213a863f06652857f', 'dc28f518216a4d38d6b5514868ee956a', 'da92046ed41642075b2b8b3026f85086', '507', '174.25', '2019-5-23', '0');
INSERT INTO `entrylist` VALUES ('247beab747d1899934ebe7afad402a14', '48554004', '50a6660a946e14fe8c5f3655866558cf', 'ab98710ec68d6cefad93e8ef0d819aa6', '38d66292b8c8562e6054d65368a794ef', '4cf42b134d6f643222f1423c1dcb31db', '791', '552.00', '2019-5-23', '0');
INSERT INTO `entrylist` VALUES ('27928804ea2e8c702f2856db80ee911d', '44730955', '6e00d2118bfd557ac797b03a69a781e7', '2d722c023ca1039213a863f06652857f', '38d66292b8c8562e6054d65368a794ef', '448685fd39e2394984f889ec2f8bc416', '754', '469.60', '2019-5-23', '0');
INSERT INTO `entrylist` VALUES ('2817d72f337435704ca0eaaf3e1ebecc', '63185334', '72da084ee25803524b042b34515c16e7', '1dbc719be5b84382717e5653dd33048d', '7fb978f96e67a73d7d6486050430a92c', '4aa64bba794b63e2cb216c1ca79efb1d', '869', '31.50', '2019-5-23', '0');
INSERT INTO `entrylist` VALUES ('292153c49782f7ea8504ebdffb8203f8', '09162725', '1c773d10944c536f7edc07ceca6cbc51', 'f67bfe8acf23c7224356ff7d0c71299a', '7fb978f96e67a73d7d6486050430a92c', 'aee5d09d5b8d4b9010d649d147791b10', '814', '16.37', '2019-5-23', '0');
INSERT INTO `entrylist` VALUES ('29c51ea5cbfac04beb9133eed56ce815', '03910729', 'a63a5240e91373bd6cfb7abcc618cfba', '1dbc719be5b84382717e5653dd33048d', 'a745ea3355120f868b2f67e513785062', '5c0eb90adaa3e7d5776d6aaba893900d', '902', '40.97', '2019-5-23', '0');
INSERT INTO `entrylist` VALUES ('2a5b7df9b73aba012376ca2aafb06c2d', '58441795', '87b065efb9d27ec53119a59b8d030c4d', 'f67bfe8acf23c7224356ff7d0c71299a', 'a745ea3355120f868b2f67e513785062', '027a58bc567d6024743c39672a00cf35', '990', '44.56', '2019-5-23', '0');
INSERT INTO `entrylist` VALUES ('2b2980bb8477485fad1975a4412fc574', '17662147', '50a6660a946e14fe8c5f3655866558cf', 'f67bfe8acf23c7224356ff7d0c71299a', 'c4b936c9240e05cce744eb71e29ab28a', '30be76d6710f105365551319490af2a9', '744', '4713.80', '2019-5-23', '0');
INSERT INTO `entrylist` VALUES ('2db5ee629a26509b4ac7d13593e12507', '09838512', '6cd875ce75f01a39ff0a4bbc87a3d6da', 'f67bfe8acf23c7224356ff7d0c71299a', 'c4b936c9240e05cce744eb71e29ab28a', '30be76d6710f105365551319490af2a9', '382', '4713.80', '2019-5-23', '0');
INSERT INTO `entrylist` VALUES ('2e548ef4a8643a5902113e5cd74e90ae', '64223500', '6cd875ce75f01a39ff0a4bbc87a3d6da', 'ab98710ec68d6cefad93e8ef0d819aa6', '7fb978f96e67a73d7d6486050430a92c', '1aee1e6f8769fb45b1bde3443265b49d', '211', '22.97', '2019-5-23', '0');
INSERT INTO `entrylist` VALUES ('2ea8c9c1e0bfac89a999f6c703aab962', '61314899', '6e00d2118bfd557ac797b03a69a781e7', '457330c3d05a6d89341c6a63a929c0fa', '38d66292b8c8562e6054d65368a794ef', '82bf390feaff3cc624725cc85218a2ba', '915', '232.00', '2019-5-23', '0');
INSERT INTO `entrylist` VALUES ('2edf87a2d95dddeea02826e58a094d41', '16032605', 'a63a5240e91373bd6cfb7abcc618cfba', 'f67bfe8acf23c7224356ff7d0c71299a', '7fb978f96e67a73d7d6486050430a92c', '27762286381e59a417fc35f4d40d897f', '534', '30.10', '2019-5-23', '0');
INSERT INTO `entrylist` VALUES ('2f11c79dd63d0bf031de1dee3ca15502', '02842860', '1c773d10944c536f7edc07ceca6cbc51', 'f67bfe8acf23c7224356ff7d0c71299a', '7fb978f96e67a73d7d6486050430a92c', '59f01f2d4c9fc72b90e5917a0d81854a', '842', '26.05', '2019-5-23', '0');
INSERT INTO `entrylist` VALUES ('2f40b9b1459353f6350b85871bf02a6c', '86559026', '7eb5380398462e60a6e455cb0306670c', '69b19d48483c00b11d1e69f28510e465', 'a745ea3355120f868b2f67e513785062', '5ace54e41a8c2f5e92d316590ff1dad7', '967', '10.20', '2019-5-23', '0');
INSERT INTO `entrylist` VALUES ('2f5b00008af2e0da0bfa4fa54b3f42b7', '48256219', '6e00d2118bfd557ac797b03a69a781e7', '2108b03e230345f753efc70cbe0001f8', 'a745ea3355120f868b2f67e513785062', '436c0f75ba16e8b36b9f05a5b81fed63', '633', '9.56', '2019-5-23', '0');
INSERT INTO `entrylist` VALUES ('319bf8e399df0337d04d3f160cdc18a0', '31835162', '7eb5380398462e60a6e455cb0306670c', '1dbc719be5b84382717e5653dd33048d', '38d66292b8c8562e6054d65368a794ef', '103ec541f082681efdd2acfaf3c9ff50', '909', '555.20', '2019-5-23', '0');
INSERT INTO `entrylist` VALUES ('319f7f7e9cb56d06879dc47b57d70096', '32686035', '6cd875ce75f01a39ff0a4bbc87a3d6da', '457330c3d05a6d89341c6a63a929c0fa', 'dc28f518216a4d38d6b5514868ee956a', '6baa03a93b8845135fb7b972962ee893', '509', '585.65', '2019-5-23', '0');
INSERT INTO `entrylist` VALUES ('3266c9213d5afb607946fabfc6faa2c5', '20875929', 'dde5582b43ee37c0c49265063544db7f', '457330c3d05a6d89341c6a63a929c0fa', '7fb978f96e67a73d7d6486050430a92c', 'b3d573d21e8637b00a81dd1169f61aa1', '265', '43.82', '2019-5-23', '0');
INSERT INTO `entrylist` VALUES ('33e290d73fb64bcc23febd59f6dc7873', '95911841', 'a63a5240e91373bd6cfb7abcc618cfba', 'f67bfe8acf23c7224356ff7d0c71299a', '7fb978f96e67a73d7d6486050430a92c', '34931f0d31e9ab282ab1baee65fdde2e', '705', '33.97', '2019-5-23', '0');
INSERT INTO `entrylist` VALUES ('34f27732f9c78bba21a4cfbe200f9600', '74122401', '1c773d10944c536f7edc07ceca6cbc51', '69b19d48483c00b11d1e69f28510e465', 'c4b936c9240e05cce744eb71e29ab28a', 'ed00006f41820e701a6a9a08ea3a22b3', '725', '5131.00', '2019-5-23', '0');
INSERT INTO `entrylist` VALUES ('35561cb6d6e8e7bea6f0f19605f3cf8c', '59536649', '6cd875ce75f01a39ff0a4bbc87a3d6da', 'ab98710ec68d6cefad93e8ef0d819aa6', 'c4b936c9240e05cce744eb71e29ab28a', 'ad14de42ea7dafea19a7bf475c9997ab', '477', '3467.10', '2019-5-23', '0');
INSERT INTO `entrylist` VALUES ('35869b38d76a6d8741129a6f4747a26b', '09200765', '1c773d10944c536f7edc07ceca6cbc51', '69b19d48483c00b11d1e69f28510e465', 'dc28f518216a4d38d6b5514868ee956a', '84e50691f963a786fbe066c1d378fb00', '887', '318.75', '2019-5-23', '0');
INSERT INTO `entrylist` VALUES ('36f6efccb8d163df6ea21883af578fc1', '88896572', '87b065efb9d27ec53119a59b8d030c4d', '1dbc719be5b84382717e5653dd33048d', '38d66292b8c8562e6054d65368a794ef', '9d796862ceb14c7784396f5540475df4', '465', '85.60', '2019-5-23', '0');
INSERT INTO `entrylist` VALUES ('37d49d454e6a7c6a916c1bd85690a541', '70006684', '6e00d2118bfd557ac797b03a69a781e7', '1dbc719be5b84382717e5653dd33048d', '38d66292b8c8562e6054d65368a794ef', '7ddce767bede755d3a110449ddb8a720', '215', '443.20', '2019-5-23', '0');
INSERT INTO `entrylist` VALUES ('395794328b6b9b3cc2a9d3eac0dd5561', '46207955', 'a63a5240e91373bd6cfb7abcc618cfba', '870994052f21a96352872a511774d3c7', 'dc28f518216a4d38d6b5514868ee956a', '34b8ac24fd8522b68fd6fc06101985cf', '602', '582.25', '2019-5-23', '0');
INSERT INTO `entrylist` VALUES ('3c5a4710982764e1fef61f00e3e270b2', '01221237', '50a6660a946e14fe8c5f3655866558cf', 'ab98710ec68d6cefad93e8ef0d819aa6', '38d66292b8c8562e6054d65368a794ef', '26bc968e6772abb91ac9ce779b998fbf', '338', '460.00', '2019-5-23', '0');
INSERT INTO `entrylist` VALUES ('3d88c845a1a95b0cae28c3d0b1fe657b', '37898357', '1c773d10944c536f7edc07ceca6cbc51', '2108b03e230345f753efc70cbe0001f8', 'a745ea3355120f868b2f67e513785062', '9d8a1c37a30294198cbe77f9dd2dbf5d', '655', '33.41', '2019-5-23', '0');
INSERT INTO `entrylist` VALUES ('3db005e4ac5e710843e4d9cbbf0893df', '93670185', '7eb5380398462e60a6e455cb0306670c', '870994052f21a96352872a511774d3c7', '38d66292b8c8562e6054d65368a794ef', 'a17cde66bea60abac0e1aae581b7d1a3', '336', '612.00', '2019-5-23', '0');
INSERT INTO `entrylist` VALUES ('3dbc83e0d6ee9aab39982abd76a0ffee', '80178418', '72da084ee25803524b042b34515c16e7', '1dbc719be5b84382717e5653dd33048d', '38d66292b8c8562e6054d65368a794ef', 'c80515dbc38658af9306c6859e5dbfba', '658', '189.60', '2019-5-23', '0');
INSERT INTO `entrylist` VALUES ('3dc5e6ba879648557953b806aeb43c2c', '34140964', '6cd875ce75f01a39ff0a4bbc87a3d6da', '2d722c023ca1039213a863f06652857f', 'a745ea3355120f868b2f67e513785062', '3b9bf9577af56c9b9a63a914ca3d6275', '905', '36.17', '2019-5-23', '0');
INSERT INTO `entrylist` VALUES ('3e97167a14d17a5a81b7dde866ac9dfd', '90248289', '7eb5380398462e60a6e455cb0306670c', 'f67bfe8acf23c7224356ff7d0c71299a', '38d66292b8c8562e6054d65368a794ef', '41a527df5d749509d43e0b1932403296', '234', '207.20', '2019-5-23', '0');
INSERT INTO `entrylist` VALUES ('3ededa04108833d17b3c8e60525ebcc1', '25776343', '87b065efb9d27ec53119a59b8d030c4d', 'f67bfe8acf23c7224356ff7d0c71299a', '7fb978f96e67a73d7d6486050430a92c', '27762286381e59a417fc35f4d40d897f', '205', '30.10', '2019-5-23', '0');
INSERT INTO `entrylist` VALUES ('3f2161c15e82bdb97d3bb86dd8afef90', '28453456', '72da084ee25803524b042b34515c16e7', '870994052f21a96352872a511774d3c7', 'dc28f518216a4d38d6b5514868ee956a', '8a301d037a2c1377d76cdf8bb1aa9cd9', '382', '96.05', '2019-5-23', '0');
INSERT INTO `entrylist` VALUES ('3f47769a920b712b4716005a3f1881a2', '16632684', '87b065efb9d27ec53119a59b8d030c4d', '1dbc719be5b84382717e5653dd33048d', '7fb978f96e67a73d7d6486050430a92c', '4aa64bba794b63e2cb216c1ca79efb1d', '215', '31.50', '2019-5-23', '0');
INSERT INTO `entrylist` VALUES ('3febe8f79ea22f8257aab6c02e0c84fb', '56976796', '1c773d10944c536f7edc07ceca6cbc51', 'f67bfe8acf23c7224356ff7d0c71299a', '7fb978f96e67a73d7d6486050430a92c', '34931f0d31e9ab282ab1baee65fdde2e', '958', '33.97', '2019-5-23', '0');
INSERT INTO `entrylist` VALUES ('40ce4021a2bf82cb515a53ab0a35b686', '61959306', '1c773d10944c536f7edc07ceca6cbc51', '870994052f21a96352872a511774d3c7', 'a745ea3355120f868b2f67e513785062', '13fe12930969a1cb6a6a95b3dfccb039', '436', '30.11', '2019-5-23', '0');
INSERT INTO `entrylist` VALUES ('42e2ee43e54c37d213f088071a0bc236', '01775634', '32b0a1ed0f322b16689345f0a711e522', '457330c3d05a6d89341c6a63a929c0fa', 'dc28f518216a4d38d6b5514868ee956a', '6baa03a93b8845135fb7b972962ee893', '819', '585.65', '2019-5-23', '0');
INSERT INTO `entrylist` VALUES ('43685251d8e78d4fd50470e498028168', '02100381', '7eb5380398462e60a6e455cb0306670c', '69b19d48483c00b11d1e69f28510e465', '38d66292b8c8562e6054d65368a794ef', 'f77819c66cafd6b4d203571b33f73831', '908', '548.80', '2019-5-23', '0');
INSERT INTO `entrylist` VALUES ('43ea76f817b7af6f5255352d577a3438', '70169897', '32b0a1ed0f322b16689345f0a711e522', 'f67bfe8acf23c7224356ff7d0c71299a', '38d66292b8c8562e6054d65368a794ef', '5bad933a5af7c31789232e20b2d1bba1', '590', '492.00', '2019-5-23', '0');
INSERT INTO `entrylist` VALUES ('43ff9938f6387efec14e43bcc2bdc4db', '53365434', '7eb5380398462e60a6e455cb0306670c', '870994052f21a96352872a511774d3c7', '7fb978f96e67a73d7d6486050430a92c', 'aa98d508d7e30b1106614c62b046a7b1', '301', '18.13', '2019-5-23', '0');
INSERT INTO `entrylist` VALUES ('44e5eec9ac6a3a7f541b5bd1910d20ae', '71434170', '6e00d2118bfd557ac797b03a69a781e7', '870994052f21a96352872a511774d3c7', '7fb978f96e67a73d7d6486050430a92c', 'e3c2422824046fb3bcabd76c3c6cd55a', '725', '15.75', '2019-5-23', '0');
INSERT INTO `entrylist` VALUES ('45f59bf88366ac7c564db46eb39bc8e2', '81281943', '72da084ee25803524b042b34515c16e7', '870994052f21a96352872a511774d3c7', '38d66292b8c8562e6054d65368a794ef', 'd1437debac24d3618c2cd907f5cc4371', '526', '576.00', '2019-5-23', '0');
INSERT INTO `entrylist` VALUES ('473f6e37c4bafa4ca01cf14e7a08bec0', '94938386', '32b0a1ed0f322b16689345f0a711e522', '457330c3d05a6d89341c6a63a929c0fa', 'a745ea3355120f868b2f67e513785062', '4552c798c0e458025d80e121d61d964f', '980', '19.48', '2019-5-23', '0');
INSERT INTO `entrylist` VALUES ('47b660c0a67d13f493368303a22c6cb1', '52198489', '1c773d10944c536f7edc07ceca6cbc51', '1dbc719be5b84382717e5653dd33048d', 'ac734c4f24dff6f431126f8f0c1e6723', '88c827143814363f6f19bec86ee2e642', '502', '9.99', '2019-5-23', '0');
INSERT INTO `entrylist` VALUES ('488e864e07514b211d36161e64f85beb', '00832920', '87b065efb9d27ec53119a59b8d030c4d', '457330c3d05a6d89341c6a63a929c0fa', 'c4b936c9240e05cce744eb71e29ab28a', '0c88055e2e4621f037c8c91de29a3c4e', '371', '3279.50', '2019-5-23', '0');
INSERT INTO `entrylist` VALUES ('48bb09283778d969de3e7e86ca61be7f', '18745800', 'dde5582b43ee37c0c49265063544db7f', '69b19d48483c00b11d1e69f28510e465', 'ac734c4f24dff6f431126f8f0c1e6723', '406cd43d9bab521456dff181371ea156', '680', '8.01', '2019-5-23', '0');
INSERT INTO `entrylist` VALUES ('4ad8eee787bb3f57ecd587562c7aea33', '86999979', '1c773d10944c536f7edc07ceca6cbc51', 'ab98710ec68d6cefad93e8ef0d819aa6', 'ac734c4f24dff6f431126f8f0c1e6723', '54b486957161fd99e6693c6e006e94cb', '878', '3.42', '2019-5-23', '0');
INSERT INTO `entrylist` VALUES ('4b6c05564d11fd303ceec400bf7ff75f', '80175089', '87b065efb9d27ec53119a59b8d030c4d', '1dbc719be5b84382717e5653dd33048d', 'c4b936c9240e05cce744eb71e29ab28a', '9cfe7080ada28a11c13732e9eb7b7539', '203', '1932.00', '2019-5-23', '0');
INSERT INTO `entrylist` VALUES ('4cb5717160accf98786755931a887346', '02207750', '7eb5380398462e60a6e455cb0306670c', '69b19d48483c00b11d1e69f28510e465', 'dc28f518216a4d38d6b5514868ee956a', '53e6871bbb59c689e2c8be605e88bdc0', '317', '540.60', '2019-5-23', '0');
INSERT INTO `entrylist` VALUES ('4d3914ffd79a97541f0c7b401d2acbf7', '63347805', 'dde5582b43ee37c0c49265063544db7f', '870994052f21a96352872a511774d3c7', 'ac734c4f24dff6f431126f8f0c1e6723', 'd4aafb6b962893b4ad75e6e54c99fa2a', '527', '8.37', '2019-5-23', '0');
INSERT INTO `entrylist` VALUES ('4e2771dc2c98ee175f7e0690ecfe4ea8', '61375651', '87b065efb9d27ec53119a59b8d030c4d', 'f67bfe8acf23c7224356ff7d0c71299a', '38d66292b8c8562e6054d65368a794ef', 'f1d7893d460d32010d1c8ef0262e18a3', '312', '369.60', '2019-5-23', '0');
INSERT INTO `entrylist` VALUES ('5037b5e493e5df67275be75eab753369', '13421537', 'a63a5240e91373bd6cfb7abcc618cfba', 'ab98710ec68d6cefad93e8ef0d819aa6', 'c4b936c9240e05cce744eb71e29ab28a', 'ad14de42ea7dafea19a7bf475c9997ab', '424', '3467.10', '2019-5-23', '0');
INSERT INTO `entrylist` VALUES ('51313ffbdbb7977933a920e3a0c70ffb', '22805954', '7eb5380398462e60a6e455cb0306670c', '457330c3d05a6d89341c6a63a929c0fa', 'ac734c4f24dff6f431126f8f0c1e6723', '7300a98980ef8698d128e175ff2f5a2d', '954', '12.06', '2019-5-23', '0');
INSERT INTO `entrylist` VALUES ('513e0892537de944936ade5be443f135', '90099809', '32b0a1ed0f322b16689345f0a711e522', '2d722c023ca1039213a863f06652857f', 'a745ea3355120f868b2f67e513785062', 'fdb68538b4f039166df2b8b410610f1a', '648', '31.36', '2019-5-23', '0');
INSERT INTO `entrylist` VALUES ('514301c2461af30b488a3bdc981e0dab', '95630913', 'dde5582b43ee37c0c49265063544db7f', '2108b03e230345f753efc70cbe0001f8', 'c4b936c9240e05cce744eb71e29ab28a', 'ae2ac2070d521f0b10902d49fef4a172', '256', '4755.10', '2019-5-23', '0');
INSERT INTO `entrylist` VALUES ('5301650b4c78ca2c4321e489caa607d8', '47084897', '6e00d2118bfd557ac797b03a69a781e7', '870994052f21a96352872a511774d3c7', '7fb978f96e67a73d7d6486050430a92c', 'aa98d508d7e30b1106614c62b046a7b1', '928', '18.13', '2019-5-23', '0');
INSERT INTO `entrylist` VALUES ('53a0645f9ea65ecb6b5f6400cf6c2cae', '40657711', '7eb5380398462e60a6e455cb0306670c', '69b19d48483c00b11d1e69f28510e465', 'dc28f518216a4d38d6b5514868ee956a', 'f8f57b63f9eb7b71d7a2f74c0673ea12', '728', '202.30', '2019-5-23', '0');
INSERT INTO `entrylist` VALUES ('53aad1c1c0434bf6fec7dfbb17e1b4ec', '84917143', '50a6660a946e14fe8c5f3655866558cf', 'ab98710ec68d6cefad93e8ef0d819aa6', '7fb978f96e67a73d7d6486050430a92c', '35d39a1aeaf0d482225143b3eb1344c7', '421', '37.58', '2019-5-23', '0');
INSERT INTO `entrylist` VALUES ('53b7c0ed89891a6cd3417be727fdef5e', '21259131', '72da084ee25803524b042b34515c16e7', '870994052f21a96352872a511774d3c7', 'dc28f518216a4d38d6b5514868ee956a', '8a301d037a2c1377d76cdf8bb1aa9cd9', '633', '96.05', '2019-5-23', '0');
INSERT INTO `entrylist` VALUES ('53f3ed72dc697c44125c6c9f0cb86fb3', '31650875', '87b065efb9d27ec53119a59b8d030c4d', '2d722c023ca1039213a863f06652857f', 'a745ea3355120f868b2f67e513785062', 'f0cb73c8f6bc6bd3435ae0aaa7ee3db0', '445', '44.70', '2019-5-23', '0');
INSERT INTO `entrylist` VALUES ('5416da01299d6b7454589ee46e02dd29', '75508844', '50a6660a946e14fe8c5f3655866558cf', '2d722c023ca1039213a863f06652857f', 'ac734c4f24dff6f431126f8f0c1e6723', 'e2d3fb9173932dbeab913c80d3eaec11', '914', '8.82', '2019-5-23', '0');
INSERT INTO `entrylist` VALUES ('544fb2bc3811b7e25c6002d7cb31b1e2', '31546364', '72da084ee25803524b042b34515c16e7', '2108b03e230345f753efc70cbe0001f8', '38d66292b8c8562e6054d65368a794ef', 'e33558e422ed59252821b1d7ea739576', '378', '100.80', '2019-5-23', '0');
INSERT INTO `entrylist` VALUES ('56719259659f6a067a3aece3ce0a4c9c', '59079050', 'a63a5240e91373bd6cfb7abcc618cfba', '457330c3d05a6d89341c6a63a929c0fa', '7fb978f96e67a73d7d6486050430a92c', 'b3d573d21e8637b00a81dd1169f61aa1', '958', '43.82', '2019-5-23', '0');
INSERT INTO `entrylist` VALUES ('5921995f45a10f0ee52f89e65840ebe1', '01421297', '72da084ee25803524b042b34515c16e7', '457330c3d05a6d89341c6a63a929c0fa', 'dc28f518216a4d38d6b5514868ee956a', 'b7af62df1516ae64dff2af6ff632f688', '497', '388.45', '2019-5-23', '0');
INSERT INTO `entrylist` VALUES ('598558ba30096789ef3cab32b1b92d7b', '94087077', '50a6660a946e14fe8c5f3655866558cf', '1dbc719be5b84382717e5653dd33048d', 'dc28f518216a4d38d6b5514868ee956a', 'd0f486d5750225ab0bae6b0097d4f358', '924', '226.95', '2019-5-23', '0');
INSERT INTO `entrylist` VALUES ('5a144cb2f0785d75a7d2b0fc0e8a2e71', '29070118', '32b0a1ed0f322b16689345f0a711e522', '1dbc719be5b84382717e5653dd33048d', 'dc28f518216a4d38d6b5514868ee956a', '0765f1c44ac81484f800e51e2ea70573', '787', '324.70', '2019-5-23', '0');
INSERT INTO `entrylist` VALUES ('5b8690fae1cd7a65a489d3084eb74896', '00479580', '87b065efb9d27ec53119a59b8d030c4d', 'ab98710ec68d6cefad93e8ef0d819aa6', 'a745ea3355120f868b2f67e513785062', '42538d81c0b9709ee22a99d7498bd832', '708', '13.52', '2019-5-23', '0');
INSERT INTO `entrylist` VALUES ('5db06b9683ff60397ddbfe86054e5428', '72151897', '72da084ee25803524b042b34515c16e7', '457330c3d05a6d89341c6a63a929c0fa', 'c4b936c9240e05cce744eb71e29ab28a', 'd40a67bebbf8c6fe855bf3c90db2f9b1', '790', '5364.10', '2019-5-23', '0');
INSERT INTO `entrylist` VALUES ('5e5ec22052bc02c495b26a50daf29454', '82259041', '6cd875ce75f01a39ff0a4bbc87a3d6da', '1dbc719be5b84382717e5653dd33048d', 'ac734c4f24dff6f431126f8f0c1e6723', '1dce4f17a4eda5a1dfcbb8116116d5e4', '567', '10.08', '2019-5-23', '0');
INSERT INTO `entrylist` VALUES ('5e6e4ebea35f92b63ad34e4e9db1013f', '30333840', '32b0a1ed0f322b16689345f0a711e522', '1dbc719be5b84382717e5653dd33048d', 'ac734c4f24dff6f431126f8f0c1e6723', 'b48456d99d5d818f9f537bf2284682f4', '482', '12.24', '2019-5-23', '0');
INSERT INTO `entrylist` VALUES ('61314477bb478b4e1ee6f1057bbd93b1', '52340726', '32b0a1ed0f322b16689345f0a711e522', 'ab98710ec68d6cefad93e8ef0d819aa6', 'dc28f518216a4d38d6b5514868ee956a', '54bdbf4d014c40f358bdb8dca43ba115', '342', '571.20', '2019-5-23', '0');
INSERT INTO `entrylist` VALUES ('61ad3a618515a5b9d0e13ecc55344754', '92350574', '7eb5380398462e60a6e455cb0306670c', '870994052f21a96352872a511774d3c7', 'a745ea3355120f868b2f67e513785062', '711368790cf4c3a1859f1751794f70a2', '841', '13.78', '2019-5-23', '0');
INSERT INTO `entrylist` VALUES ('61e3f2cde0c5bf32220c7705ecdee5ec', '36354486', '6e00d2118bfd557ac797b03a69a781e7', '69b19d48483c00b11d1e69f28510e465', 'c4b936c9240e05cce744eb71e29ab28a', 'ed00006f41820e701a6a9a08ea3a22b3', '547', '5131.00', '2019-5-23', '0');
INSERT INTO `entrylist` VALUES ('622ddd4d8588d6adfadd59ab4104f194', '41395995', '72da084ee25803524b042b34515c16e7', '2d722c023ca1039213a863f06652857f', 'dc28f518216a4d38d6b5514868ee956a', 'da92046ed41642075b2b8b3026f85086', '489', '174.25', '2019-5-23', '0');
INSERT INTO `entrylist` VALUES ('638166bece6061c6958cb11a5bea2b28', '09085631', '6cd875ce75f01a39ff0a4bbc87a3d6da', '870994052f21a96352872a511774d3c7', '7fb978f96e67a73d7d6486050430a92c', 'aa98d508d7e30b1106614c62b046a7b1', '944', '18.13', '2019-5-23', '0');
INSERT INTO `entrylist` VALUES ('639cc14e988d92d3d6ade38f4da7cbb3', '00913195', '50a6660a946e14fe8c5f3655866558cf', 'f67bfe8acf23c7224356ff7d0c71299a', '38d66292b8c8562e6054d65368a794ef', 'f1d7893d460d32010d1c8ef0262e18a3', '250', '369.60', '2019-5-23', '0');
INSERT INTO `entrylist` VALUES ('6596168925aee4500af473791c84aa3b', '08499082', '87b065efb9d27ec53119a59b8d030c4d', '457330c3d05a6d89341c6a63a929c0fa', 'a745ea3355120f868b2f67e513785062', '26e7b9006656c445a36196c749025f49', '230', '18.69', '2019-5-23', '0');
INSERT INTO `entrylist` VALUES ('66989a3b4ca67699c6d6bb949e8f2358', '77150461', '6cd875ce75f01a39ff0a4bbc87a3d6da', '1dbc719be5b84382717e5653dd33048d', '38d66292b8c8562e6054d65368a794ef', '9d796862ceb14c7784396f5540475df4', '402', '85.60', '2019-5-23', '0');
INSERT INTO `entrylist` VALUES ('67105f5e98ad1f72bbe7b60a2210f29a', '15997363', '6cd875ce75f01a39ff0a4bbc87a3d6da', '2d722c023ca1039213a863f06652857f', 'ac734c4f24dff6f431126f8f0c1e6723', 'e2d3fb9173932dbeab913c80d3eaec11', '651', '8.82', '2019-5-23', '0');
INSERT INTO `entrylist` VALUES ('69e08d2e2c7e17fa42e6bbc470c128e4', '88227128', 'dde5582b43ee37c0c49265063544db7f', '2d722c023ca1039213a863f06652857f', '38d66292b8c8562e6054d65368a794ef', '83c7b845841b3ca1cd4320f4460b969c', '849', '228.80', '2019-5-23', '0');
INSERT INTO `entrylist` VALUES ('6ab4bb0bd80204f2b76d49c9a48c2742', '05913356', '1c773d10944c536f7edc07ceca6cbc51', '1dbc719be5b84382717e5653dd33048d', '38d66292b8c8562e6054d65368a794ef', '7ddce767bede755d3a110449ddb8a720', '211', '443.20', '2019-5-23', '0');
INSERT INTO `entrylist` VALUES ('6b31ea99007567df78bcd33c328d4658', '45311126', '72da084ee25803524b042b34515c16e7', '2d722c023ca1039213a863f06652857f', 'a745ea3355120f868b2f67e513785062', '3a1c328bf9cf786d7fe039882c69ec8f', '454', '26.89', '2019-5-23', '0');
INSERT INTO `entrylist` VALUES ('6b79f80ad959650748f132ba432cfc20', '45619472', '32b0a1ed0f322b16689345f0a711e522', 'f67bfe8acf23c7224356ff7d0c71299a', '38d66292b8c8562e6054d65368a794ef', 'f1d7893d460d32010d1c8ef0262e18a3', '657', '369.60', '2019-5-23', '0');
INSERT INTO `entrylist` VALUES ('6baeccbfc1051f2d79eec076750fbaeb', '05335291', 'dde5582b43ee37c0c49265063544db7f', '2108b03e230345f753efc70cbe0001f8', 'a745ea3355120f868b2f67e513785062', 'c1a680edb478242e33df14b32f99727a', '830', '10.66', '2019-5-23', '0');
INSERT INTO `entrylist` VALUES ('6bd69d8cd1352e799613b5fbe45d7942', '41509791', 'a63a5240e91373bd6cfb7abcc618cfba', '1dbc719be5b84382717e5653dd33048d', '7fb978f96e67a73d7d6486050430a92c', '2d00d01718e56391a1e0c6498cb13236', '223', '33.70', '2019-5-23', '0');
INSERT INTO `entrylist` VALUES ('6bffbb75f531c13725a695054d73ba8e', '72767353', '50a6660a946e14fe8c5f3655866558cf', '1dbc719be5b84382717e5653dd33048d', '7fb978f96e67a73d7d6486050430a92c', '2d00d01718e56391a1e0c6498cb13236', '784', '33.70', '2019-5-23', '0');
INSERT INTO `entrylist` VALUES ('6e745241b7e803880267cfc050566d85', '89158953', '72da084ee25803524b042b34515c16e7', 'ab98710ec68d6cefad93e8ef0d819aa6', '38d66292b8c8562e6054d65368a794ef', '4cf42b134d6f643222f1423c1dcb31db', '441', '552.00', '2019-5-23', '0');
INSERT INTO `entrylist` VALUES ('6f1511b7070d72a417a1761bec9f0a7c', '82940617', '7eb5380398462e60a6e455cb0306670c', 'f67bfe8acf23c7224356ff7d0c71299a', '38d66292b8c8562e6054d65368a794ef', 'f1d7893d460d32010d1c8ef0262e18a3', '605', '369.60', '2019-5-23', '0');
INSERT INTO `entrylist` VALUES ('70faaec23241c2c90e7e754059917799', '52849130', 'a63a5240e91373bd6cfb7abcc618cfba', '2108b03e230345f753efc70cbe0001f8', 'a745ea3355120f868b2f67e513785062', '1ce3c4c7f468f838f8f7a99fcdfd3032', '919', '16.94', '2019-5-23', '0');
INSERT INTO `entrylist` VALUES ('71b375f0e0f4aa8282c784093a7610ab', '44391242', '7eb5380398462e60a6e455cb0306670c', '2108b03e230345f753efc70cbe0001f8', 'c4b936c9240e05cce744eb71e29ab28a', 'dd6d2a6c3ca42af14f1791ee071803c2', '919', '1439.20', '2019-5-23', '0');
INSERT INTO `entrylist` VALUES ('726111034d03b6f6cb16297704e46490', '80099214', '50a6660a946e14fe8c5f3655866558cf', '457330c3d05a6d89341c6a63a929c0fa', 'a745ea3355120f868b2f67e513785062', '26e7b9006656c445a36196c749025f49', '330', '18.69', '2019-5-23', '0');
INSERT INTO `entrylist` VALUES ('73d0c4da0159ef539123fcfe588c22c0', '69956121', '7eb5380398462e60a6e455cb0306670c', '69b19d48483c00b11d1e69f28510e465', '38d66292b8c8562e6054d65368a794ef', 'f77819c66cafd6b4d203571b33f73831', '350', '548.80', '2019-5-23', '0');
INSERT INTO `entrylist` VALUES ('7566870f6edcec6ee4cf1d69a7078895', '56831592', '6e00d2118bfd557ac797b03a69a781e7', '1dbc719be5b84382717e5653dd33048d', 'dc28f518216a4d38d6b5514868ee956a', 'cf3702f02564fe627a4d5b4bee7296b9', '653', '482.80', '2019-5-23', '0');
INSERT INTO `entrylist` VALUES ('75949f62874b5d2c0ff015dd4662da14', '21356516', '50a6660a946e14fe8c5f3655866558cf', '1dbc719be5b84382717e5653dd33048d', '38d66292b8c8562e6054d65368a794ef', '6c52259ed19d45fe0df7df9eed79070e', '258', '577.60', '2019-5-23', '0');
INSERT INTO `entrylist` VALUES ('75e6588089cbd316485c49186b841ef5', '32250539', '50a6660a946e14fe8c5f3655866558cf', '1dbc719be5b84382717e5653dd33048d', '38d66292b8c8562e6054d65368a794ef', '9d796862ceb14c7784396f5540475df4', '760', '85.60', '2019-5-23', '0');
INSERT INTO `entrylist` VALUES ('7897ac0584ceb13fc4aa7e3dbd0ef78c', '66283423', '7eb5380398462e60a6e455cb0306670c', '870994052f21a96352872a511774d3c7', '7fb978f96e67a73d7d6486050430a92c', 'e3c2422824046fb3bcabd76c3c6cd55a', '949', '15.75', '2019-5-23', '0');
INSERT INTO `entrylist` VALUES ('79780e4d7742b802d59789248de095f0', '19336549', '32b0a1ed0f322b16689345f0a711e522', 'f67bfe8acf23c7224356ff7d0c71299a', '7fb978f96e67a73d7d6486050430a92c', '59f01f2d4c9fc72b90e5917a0d81854a', '866', '26.05', '2019-5-23', '0');
INSERT INTO `entrylist` VALUES ('79935ae01889e7e1a2c7be26cc698714', '70134825', '6e00d2118bfd557ac797b03a69a781e7', 'ab98710ec68d6cefad93e8ef0d819aa6', 'dc28f518216a4d38d6b5514868ee956a', '54bdbf4d014c40f358bdb8dca43ba115', '216', '571.20', '2019-5-23', '0');
INSERT INTO `entrylist` VALUES ('7a05b4fcce7217f4e85dc7f1de3bf7c3', '53437931', '7eb5380398462e60a6e455cb0306670c', '870994052f21a96352872a511774d3c7', '38d66292b8c8562e6054d65368a794ef', '7a699d50d21d38a8462bc47587a3a009', '636', '379.20', '2019-5-23', '0');
INSERT INTO `entrylist` VALUES ('7a8dd4e2e824bf980b8ccb4b7bae1882', '23083178', 'dde5582b43ee37c0c49265063544db7f', '870994052f21a96352872a511774d3c7', 'a745ea3355120f868b2f67e513785062', '13fe12930969a1cb6a6a95b3dfccb039', '568', '30.11', '2019-5-23', '0');
INSERT INTO `entrylist` VALUES ('7b9364fe88d65a84fe623c16c44de943', '72349999', '6e00d2118bfd557ac797b03a69a781e7', '1dbc719be5b84382717e5653dd33048d', '7fb978f96e67a73d7d6486050430a92c', '2d00d01718e56391a1e0c6498cb13236', '482', '33.70', '2019-5-23', '0');
INSERT INTO `entrylist` VALUES ('7c20dee360cb9b1555f45ae74ba69cf2', '65884058', '7eb5380398462e60a6e455cb0306670c', '1dbc719be5b84382717e5653dd33048d', '38d66292b8c8562e6054d65368a794ef', '9d796862ceb14c7784396f5540475df4', '278', '85.60', '2019-5-23', '0');
INSERT INTO `entrylist` VALUES ('7c9ca83ea6beee4f07ef51c3a6370ccb', '96852592', '72da084ee25803524b042b34515c16e7', 'ab98710ec68d6cefad93e8ef0d819aa6', '38d66292b8c8562e6054d65368a794ef', '26bc968e6772abb91ac9ce779b998fbf', '811', '460.00', '2019-5-23', '0');
INSERT INTO `entrylist` VALUES ('7ce5b1ddaa5707a116c8f8a77af7d948', '14736613', 'dde5582b43ee37c0c49265063544db7f', '2d722c023ca1039213a863f06652857f', 'a745ea3355120f868b2f67e513785062', 'f0cb73c8f6bc6bd3435ae0aaa7ee3db0', '776', '44.70', '2019-5-23', '0');
INSERT INTO `entrylist` VALUES ('7fbdb7275e9853b11ae9e5f16a0576ab', '37266395', '7eb5380398462e60a6e455cb0306670c', '69b19d48483c00b11d1e69f28510e465', 'dc28f518216a4d38d6b5514868ee956a', '53e6871bbb59c689e2c8be605e88bdc0', '506', '540.60', '2019-5-23', '0');
INSERT INTO `entrylist` VALUES ('80279ed44aa354d3b9430b22ef2a7b70', '09216939', '87b065efb9d27ec53119a59b8d030c4d', '2108b03e230345f753efc70cbe0001f8', 'a745ea3355120f868b2f67e513785062', 'f0405b852ce19cbad93093f8bb8051fa', '580', '13.79', '2019-5-23', '0');
INSERT INTO `entrylist` VALUES ('80d8bf570f0c770495a0bf1c912c3882', '23273640', '72da084ee25803524b042b34515c16e7', '2108b03e230345f753efc70cbe0001f8', '7fb978f96e67a73d7d6486050430a92c', '3d6ea1929c2eb05fcb12277c10239b3f', '367', '22.53', '2019-5-23', '0');
INSERT INTO `entrylist` VALUES ('80f99d03f41d29dbbbf18616e8c003ed', '07752889', '6cd875ce75f01a39ff0a4bbc87a3d6da', '1dbc719be5b84382717e5653dd33048d', '7fb978f96e67a73d7d6486050430a92c', '4aa64bba794b63e2cb216c1ca79efb1d', '226', '31.50', '2019-5-23', '0');
INSERT INTO `entrylist` VALUES ('8119a738d45f2849e2c1c33c3a00e088', '24550161', '50a6660a946e14fe8c5f3655866558cf', '69b19d48483c00b11d1e69f28510e465', 'c4b936c9240e05cce744eb71e29ab28a', '600b522850ecd72e4081b6b36cc0b74e', '484', '4286.80', '2019-5-23', '0');
INSERT INTO `entrylist` VALUES ('82d114a41baa1531843331431357845a', '52762449', '87b065efb9d27ec53119a59b8d030c4d', '457330c3d05a6d89341c6a63a929c0fa', '38d66292b8c8562e6054d65368a794ef', '30467f00b67c6d7493c16e9fcb8162f2', '529', '464.80', '2019-5-23', '0');
INSERT INTO `entrylist` VALUES ('82d1381910bd417e3f1cafa90992ba95', '48436626', '87b065efb9d27ec53119a59b8d030c4d', 'ab98710ec68d6cefad93e8ef0d819aa6', '38d66292b8c8562e6054d65368a794ef', '4cf42b134d6f643222f1423c1dcb31db', '498', '552.00', '2019-5-23', '0');
INSERT INTO `entrylist` VALUES ('8333a536b804cc13cc01fcc4c61d21b8', '79621291', 'dde5582b43ee37c0c49265063544db7f', '2108b03e230345f753efc70cbe0001f8', 'ac734c4f24dff6f431126f8f0c1e6723', '2e4629e697a99291c7f16aac376424d6', '720', '12.15', '2019-5-23', '0');
INSERT INTO `entrylist` VALUES ('84083907d8379908db71ca0c4aff5f57', '86008281', '72da084ee25803524b042b34515c16e7', '870994052f21a96352872a511774d3c7', 'ac734c4f24dff6f431126f8f0c1e6723', 'bdb5f2478bafd0bac10eee9fbd007664', '907', '12.42', '2019-5-23', '0');
INSERT INTO `entrylist` VALUES ('84819a0e82f70da7b899ce2edf94514f', '67083267', 'dde5582b43ee37c0c49265063544db7f', 'f67bfe8acf23c7224356ff7d0c71299a', '7fb978f96e67a73d7d6486050430a92c', '34931f0d31e9ab282ab1baee65fdde2e', '769', '33.97', '2019-5-23', '0');
INSERT INTO `entrylist` VALUES ('84c286d12ae87c23bd5d0563e7e73e26', '22705734', '87b065efb9d27ec53119a59b8d030c4d', 'ab98710ec68d6cefad93e8ef0d819aa6', '7fb978f96e67a73d7d6486050430a92c', '35d39a1aeaf0d482225143b3eb1344c7', '321', '37.58', '2019-5-23', '0');
INSERT INTO `entrylist` VALUES ('85dbb95ab68ae5a8589b98f548122fd4', '99422111', 'a63a5240e91373bd6cfb7abcc618cfba', '2108b03e230345f753efc70cbe0001f8', 'a745ea3355120f868b2f67e513785062', 'f0405b852ce19cbad93093f8bb8051fa', '732', '13.79', '2019-5-23', '0');
INSERT INTO `entrylist` VALUES ('85dce4a3cabd0873ab583330b6814071', '94506395', 'dde5582b43ee37c0c49265063544db7f', '2d722c023ca1039213a863f06652857f', 'a745ea3355120f868b2f67e513785062', '3a1c328bf9cf786d7fe039882c69ec8f', '435', '26.89', '2019-5-23', '0');
INSERT INTO `entrylist` VALUES ('85e7f6342b4dec30db75d0256e25e0c7', '04971352', '87b065efb9d27ec53119a59b8d030c4d', '457330c3d05a6d89341c6a63a929c0fa', 'ac734c4f24dff6f431126f8f0c1e6723', '7300a98980ef8698d128e175ff2f5a2d', '563', '12.06', '2019-5-23', '0');
INSERT INTO `entrylist` VALUES ('87410264d0fd187973ee2c7ae55f803b', '83150522', '72da084ee25803524b042b34515c16e7', '870994052f21a96352872a511774d3c7', '38d66292b8c8562e6054d65368a794ef', 'd1437debac24d3618c2cd907f5cc4371', '658', '576.00', '2019-5-23', '0');
INSERT INTO `entrylist` VALUES ('88d520381c03f1945a20fe5750982177', '62451873', '50a6660a946e14fe8c5f3655866558cf', '2108b03e230345f753efc70cbe0001f8', '7fb978f96e67a73d7d6486050430a92c', '3d6ea1929c2eb05fcb12277c10239b3f', '532', '22.53', '2019-5-23', '0');
INSERT INTO `entrylist` VALUES ('8a0ff37dc93461ae20e40893ba785f6d', '16073771', '72da084ee25803524b042b34515c16e7', '69b19d48483c00b11d1e69f28510e465', 'a745ea3355120f868b2f67e513785062', '5ace54e41a8c2f5e92d316590ff1dad7', '423', '10.20', '2019-5-23', '0');
INSERT INTO `entrylist` VALUES ('8c77500e44ffa70fb8d1494ad10e8dc7', '28460598', '72da084ee25803524b042b34515c16e7', 'f67bfe8acf23c7224356ff7d0c71299a', 'a745ea3355120f868b2f67e513785062', '376a1cac8df3b05a0f93e05af9f58a5f', '640', '30.46', '2019-5-23', '0');
INSERT INTO `entrylist` VALUES ('8d5e7cfe4f02716fe0f7ae79c27dd81f', '43352204', '7eb5380398462e60a6e455cb0306670c', '1dbc719be5b84382717e5653dd33048d', 'ac734c4f24dff6f431126f8f0c1e6723', '1dce4f17a4eda5a1dfcbb8116116d5e4', '839', '10.08', '2019-5-23', '0');
INSERT INTO `entrylist` VALUES ('8d764a2fcd9e5baa1161b0b2ad750487', '16827063', '32b0a1ed0f322b16689345f0a711e522', '2108b03e230345f753efc70cbe0001f8', 'c4b936c9240e05cce744eb71e29ab28a', 'dd6d2a6c3ca42af14f1791ee071803c2', '453', '1439.20', '2019-5-23', '0');
INSERT INTO `entrylist` VALUES ('8e451036bd15fb701e550acde18a09d5', '74060996', '6cd875ce75f01a39ff0a4bbc87a3d6da', '2d722c023ca1039213a863f06652857f', '38d66292b8c8562e6054d65368a794ef', '83c7b845841b3ca1cd4320f4460b969c', '457', '228.80', '2019-5-23', '0');
INSERT INTO `entrylist` VALUES ('8e7b1644461561ccaf5788290d89c2e0', '28492587', 'a63a5240e91373bd6cfb7abcc618cfba', 'ab98710ec68d6cefad93e8ef0d819aa6', 'c4b936c9240e05cce744eb71e29ab28a', '3eb9464ab108593276faa2e56203f96f', '467', '4094.30', '2019-5-23', '0');
INSERT INTO `entrylist` VALUES ('8ee5bdd3a91fa089c0edcec03b4371de', '58452132', '50a6660a946e14fe8c5f3655866558cf', '870994052f21a96352872a511774d3c7', 'a745ea3355120f868b2f67e513785062', '895ca9d21e76e70d3ce6e7789420a60d', '922', '22.90', '2019-5-23', '0');
INSERT INTO `entrylist` VALUES ('8ee95a7282f776f08a27cced513db454', '24128555', '1c773d10944c536f7edc07ceca6cbc51', '2d722c023ca1039213a863f06652857f', 'c4b936c9240e05cce744eb71e29ab28a', '779aa45545d78a8ee3b4a6acf83d8ba9', '744', '3559.50', '2019-5-23', '0');
INSERT INTO `entrylist` VALUES ('8f6b6a361bfe69f1103a1ab0d2464ebe', '85579782', '50a6660a946e14fe8c5f3655866558cf', '457330c3d05a6d89341c6a63a929c0fa', 'ac734c4f24dff6f431126f8f0c1e6723', '7300a98980ef8698d128e175ff2f5a2d', '257', '12.06', '2019-5-23', '0');
INSERT INTO `entrylist` VALUES ('8fbc406e2b5a6627daa5bb632cb45ba1', '36429715', 'a63a5240e91373bd6cfb7abcc618cfba', '1dbc719be5b84382717e5653dd33048d', '7fb978f96e67a73d7d6486050430a92c', '4aa64bba794b63e2cb216c1ca79efb1d', '266', '31.50', '2019-5-23', '0');
INSERT INTO `entrylist` VALUES ('91b8e2941a52c18290446eb8ff3fea9b', '49121164', '1c773d10944c536f7edc07ceca6cbc51', '457330c3d05a6d89341c6a63a929c0fa', 'c4b936c9240e05cce744eb71e29ab28a', 'd40a67bebbf8c6fe855bf3c90db2f9b1', '276', '5364.10', '2019-5-23', '0');
INSERT INTO `entrylist` VALUES ('91e99de353a3ef3914d5b8acd8eb939b', '51670676', '6e00d2118bfd557ac797b03a69a781e7', 'f67bfe8acf23c7224356ff7d0c71299a', 'dc28f518216a4d38d6b5514868ee956a', '84cc585bead6958005fde94e3c6b109e', '255', '309.40', '2019-5-23', '0');
INSERT INTO `entrylist` VALUES ('968d46d897c7bdab412c9f7efda0ff48', '06137162', '72da084ee25803524b042b34515c16e7', '870994052f21a96352872a511774d3c7', 'a745ea3355120f868b2f67e513785062', '895ca9d21e76e70d3ce6e7789420a60d', '973', '22.90', '2019-5-23', '0');
INSERT INTO `entrylist` VALUES ('96e365d76493b7e1b31da43a6ad445c7', '48432987', '7eb5380398462e60a6e455cb0306670c', '1dbc719be5b84382717e5653dd33048d', 'c4b936c9240e05cce744eb71e29ab28a', '678995f4e8b28f818d21904a9214a31c', '522', '5180.70', '2019-5-23', '0');
INSERT INTO `entrylist` VALUES ('97de47547b9e6793fd8497cc687d7a6a', '05324260', '1c773d10944c536f7edc07ceca6cbc51', '1dbc719be5b84382717e5653dd33048d', 'a745ea3355120f868b2f67e513785062', '6cdba264daf1a102871c9c58d27a6509', '708', '33.09', '2019-5-23', '0');
INSERT INTO `entrylist` VALUES ('9867ec7171fbb60533764eeeeab2da3c', '12566064', '32b0a1ed0f322b16689345f0a711e522', 'f67bfe8acf23c7224356ff7d0c71299a', 'c4b936c9240e05cce744eb71e29ab28a', '751da511e2a9197cbe5438450ec5fede', '590', '4776.80', '2019-5-23', '0');
INSERT INTO `entrylist` VALUES ('98736f31145b56072a29b61331dee60c', '78551754', '50a6660a946e14fe8c5f3655866558cf', '2108b03e230345f753efc70cbe0001f8', 'c4b936c9240e05cce744eb71e29ab28a', 'ae2ac2070d521f0b10902d49fef4a172', '828', '4755.10', '2019-5-23', '0');
INSERT INTO `entrylist` VALUES ('99711f4af0f26ecc243a81ccf1329dbf', '46673115', '72da084ee25803524b042b34515c16e7', '2108b03e230345f753efc70cbe0001f8', 'a745ea3355120f868b2f67e513785062', '58c8b3ef90a824f5ee82547e12f26a6a', '778', '19.34', '2019-5-23', '0');
INSERT INTO `entrylist` VALUES ('99961397555ca4eb336a9e592a716d8e', '81540774', 'a63a5240e91373bd6cfb7abcc618cfba', '870994052f21a96352872a511774d3c7', 'dc28f518216a4d38d6b5514868ee956a', '8a301d037a2c1377d76cdf8bb1aa9cd9', '763', '96.05', '2019-5-23', '0');
INSERT INTO `entrylist` VALUES ('9a514537cd61e48de1318d19b48dfbcf', '13264479', '50a6660a946e14fe8c5f3655866558cf', '2d722c023ca1039213a863f06652857f', 'c4b936c9240e05cce744eb71e29ab28a', 'a88379ddff12a4c48e067da2aad9e583', '745', '2315.60', '2019-5-23', '0');
INSERT INTO `entrylist` VALUES ('9b237a8648d61b185c36e11fa419c622', '36460517', '72da084ee25803524b042b34515c16e7', 'f67bfe8acf23c7224356ff7d0c71299a', '7fb978f96e67a73d7d6486050430a92c', 'aee5d09d5b8d4b9010d649d147791b10', '986', '16.37', '2019-5-23', '0');
INSERT INTO `entrylist` VALUES ('9be80a967a3bf198353f90e2c3f9a6ce', '83268271', 'a63a5240e91373bd6cfb7abcc618cfba', 'f67bfe8acf23c7224356ff7d0c71299a', 'c4b936c9240e05cce744eb71e29ab28a', '30be76d6710f105365551319490af2a9', '624', '4713.80', '2019-5-23', '0');
INSERT INTO `entrylist` VALUES ('9d6b2adcdede389b92c8e42479729ff6', '94602764', '87b065efb9d27ec53119a59b8d030c4d', '69b19d48483c00b11d1e69f28510e465', 'c4b936c9240e05cce744eb71e29ab28a', 'd58a9ca18a6e8dc07bea50656cc92ec9', '445', '2244.20', '2019-5-23', '0');
INSERT INTO `entrylist` VALUES ('9d9e1f4b794d27b894efe44967d93ae4', '86453730', 'a63a5240e91373bd6cfb7abcc618cfba', '1dbc719be5b84382717e5653dd33048d', 'a745ea3355120f868b2f67e513785062', '6cdba264daf1a102871c9c58d27a6509', '601', '33.09', '2019-5-23', '0');
INSERT INTO `entrylist` VALUES ('9f6f1c58a65d6aae4d51ed52a5e0d07c', '81626875', '50a6660a946e14fe8c5f3655866558cf', '2108b03e230345f753efc70cbe0001f8', 'a745ea3355120f868b2f67e513785062', '436c0f75ba16e8b36b9f05a5b81fed63', '555', '9.56', '2019-5-23', '0');
INSERT INTO `entrylist` VALUES ('a1b94db8f7a4b04f851507a5df41d10f', '63744880', '72da084ee25803524b042b34515c16e7', '2d722c023ca1039213a863f06652857f', 'ac734c4f24dff6f431126f8f0c1e6723', 'e2d3fb9173932dbeab913c80d3eaec11', '227', '8.82', '2019-5-23', '0');
INSERT INTO `entrylist` VALUES ('a20142895f7261cd049675c28962e416', '61575195', '6cd875ce75f01a39ff0a4bbc87a3d6da', 'f67bfe8acf23c7224356ff7d0c71299a', 'c4b936c9240e05cce744eb71e29ab28a', '751da511e2a9197cbe5438450ec5fede', '534', '4776.80', '2019-5-23', '0');
INSERT INTO `entrylist` VALUES ('a2231a92d549c3a046a9633f376a820e', '22146061', 'a63a5240e91373bd6cfb7abcc618cfba', '870994052f21a96352872a511774d3c7', 'a745ea3355120f868b2f67e513785062', '895ca9d21e76e70d3ce6e7789420a60d', '956', '22.90', '2019-5-23', '0');
INSERT INTO `entrylist` VALUES ('a2b7c3a572bf991ccf85db66e609e73a', '47380718', '50a6660a946e14fe8c5f3655866558cf', '2108b03e230345f753efc70cbe0001f8', 'a745ea3355120f868b2f67e513785062', '9d8a1c37a30294198cbe77f9dd2dbf5d', '694', '33.41', '2019-5-23', '0');
INSERT INTO `entrylist` VALUES ('a38a9db41ffe013909cead3dc34a9760', '16299433', '87b065efb9d27ec53119a59b8d030c4d', '1dbc719be5b84382717e5653dd33048d', '38d66292b8c8562e6054d65368a794ef', 'c80515dbc38658af9306c6859e5dbfba', '872', '189.60', '2019-5-23', '0');
INSERT INTO `entrylist` VALUES ('a45dae325bdca7e3385a448046b4bb5d', '80815779', '50a6660a946e14fe8c5f3655866558cf', '870994052f21a96352872a511774d3c7', '38d66292b8c8562e6054d65368a794ef', 'a17cde66bea60abac0e1aae581b7d1a3', '815', '612.00', '2019-5-23', '0');
INSERT INTO `entrylist` VALUES ('a553270ef4b9d40c6a4f308a1a1406e3', '08544831', '72da084ee25803524b042b34515c16e7', '457330c3d05a6d89341c6a63a929c0fa', 'dc28f518216a4d38d6b5514868ee956a', '695c36bace4885a3c3006c6086fc217e', '371', '77.35', '2019-5-23', '0');
INSERT INTO `entrylist` VALUES ('a6e096fa712be0b3716efa72a081e9aa', '49898111', '7eb5380398462e60a6e455cb0306670c', '69b19d48483c00b11d1e69f28510e465', 'c4b936c9240e05cce744eb71e29ab28a', 'ed00006f41820e701a6a9a08ea3a22b3', '797', '5131.00', '2019-5-23', '0');
INSERT INTO `entrylist` VALUES ('a7aa47fd380436fdca21d0a3faa564c5', '52993050', '50a6660a946e14fe8c5f3655866558cf', 'f67bfe8acf23c7224356ff7d0c71299a', 'c4b936c9240e05cce744eb71e29ab28a', '7ab0e83acb6ddb5f7e54c287871d8bd6', '646', '3600.10', '2019-5-23', '0');
INSERT INTO `entrylist` VALUES ('a803a4399ce20173a8a7381a70568d34', '71747765', 'a63a5240e91373bd6cfb7abcc618cfba', '2108b03e230345f753efc70cbe0001f8', 'a745ea3355120f868b2f67e513785062', '1ce3c4c7f468f838f8f7a99fcdfd3032', '658', '16.94', '2019-5-23', '0');
INSERT INTO `entrylist` VALUES ('a859f20c9a804be6105f4c44f71962be', '55595951', '32b0a1ed0f322b16689345f0a711e522', '457330c3d05a6d89341c6a63a929c0fa', 'a745ea3355120f868b2f67e513785062', '74d468be9ae68551efe041144739ef69', '710', '27.26', '2019-5-23', '0');
INSERT INTO `entrylist` VALUES ('a992335f1a8683eda882c342d51734b6', '81170176', 'dde5582b43ee37c0c49265063544db7f', '870994052f21a96352872a511774d3c7', '38d66292b8c8562e6054d65368a794ef', 'a17cde66bea60abac0e1aae581b7d1a3', '286', '612.00', '2019-5-23', '0');
INSERT INTO `entrylist` VALUES ('ab7c9fb42a077f9301755a0c2d31695c', '53216713', '7eb5380398462e60a6e455cb0306670c', '2108b03e230345f753efc70cbe0001f8', 'a745ea3355120f868b2f67e513785062', '9d8a1c37a30294198cbe77f9dd2dbf5d', '299', '33.41', '2019-5-23', '0');
INSERT INTO `entrylist` VALUES ('ab82298f2447ad373430995eb6a29ba0', '98967885', '1c773d10944c536f7edc07ceca6cbc51', '457330c3d05a6d89341c6a63a929c0fa', 'c4b936c9240e05cce744eb71e29ab28a', '0c88055e2e4621f037c8c91de29a3c4e', '492', '3279.50', '2019-5-23', '0');
INSERT INTO `entrylist` VALUES ('ac504414964c3ee518922b59ab9393f4', '88974824', '50a6660a946e14fe8c5f3655866558cf', '457330c3d05a6d89341c6a63a929c0fa', '38d66292b8c8562e6054d65368a794ef', '82bf390feaff3cc624725cc85218a2ba', '855', '232.00', '2019-5-23', '0');
INSERT INTO `entrylist` VALUES ('ae4b36b39150dc2e1ff1d1f39b6b14a2', '74163234', 'a63a5240e91373bd6cfb7abcc618cfba', '870994052f21a96352872a511774d3c7', 'a745ea3355120f868b2f67e513785062', '895ca9d21e76e70d3ce6e7789420a60d', '772', '22.90', '2019-5-23', '0');
INSERT INTO `entrylist` VALUES ('ae8f37c62bab5eb95bd7909e6b22a797', '78213332', 'dde5582b43ee37c0c49265063544db7f', '1dbc719be5b84382717e5653dd33048d', 'ac734c4f24dff6f431126f8f0c1e6723', '88c827143814363f6f19bec86ee2e642', '778', '9.99', '2019-5-23', '0');
INSERT INTO `entrylist` VALUES ('af41b459bd83e71daec1817489189cfc', '13721748', '7eb5380398462e60a6e455cb0306670c', '69b19d48483c00b11d1e69f28510e465', 'c4b936c9240e05cce744eb71e29ab28a', 'ed00006f41820e701a6a9a08ea3a22b3', '848', '5131.00', '2019-5-23', '0');
INSERT INTO `entrylist` VALUES ('b074debca6724dce2ef8254dee191a0e', '89491917', 'dde5582b43ee37c0c49265063544db7f', '457330c3d05a6d89341c6a63a929c0fa', 'dc28f518216a4d38d6b5514868ee956a', '695c36bace4885a3c3006c6086fc217e', '402', '77.35', '2019-5-23', '0');
INSERT INTO `entrylist` VALUES ('b0d65941818faa14781d81edda94c831', '15835166', '6cd875ce75f01a39ff0a4bbc87a3d6da', '2d722c023ca1039213a863f06652857f', '38d66292b8c8562e6054d65368a794ef', '448685fd39e2394984f889ec2f8bc416', '613', '469.60', '2019-5-23', '0');
INSERT INTO `entrylist` VALUES ('b1e4af97286b80fb6961b7f272d5be03', '40736707', '1c773d10944c536f7edc07ceca6cbc51', '2108b03e230345f753efc70cbe0001f8', 'c4b936c9240e05cce744eb71e29ab28a', 'baae43cda73c29652c587d31ac75e5a4', '625', '2754.50', '2019-5-23', '0');
INSERT INTO `entrylist` VALUES ('b2eed6785f83bc6cdbc98a4b12f3f2b2', '68842105', '6cd875ce75f01a39ff0a4bbc87a3d6da', '1dbc719be5b84382717e5653dd33048d', 'ac734c4f24dff6f431126f8f0c1e6723', '88c827143814363f6f19bec86ee2e642', '622', '9.99', '2019-5-23', '0');
INSERT INTO `entrylist` VALUES ('b30888853b614257e19a189f5014a48b', '32891327', '6cd875ce75f01a39ff0a4bbc87a3d6da', '69b19d48483c00b11d1e69f28510e465', 'c4b936c9240e05cce744eb71e29ab28a', 'd58a9ca18a6e8dc07bea50656cc92ec9', '534', '2244.20', '2019-5-23', '0');
INSERT INTO `entrylist` VALUES ('b3bfbf1acab44aef782816c5c7fcec54', '81706774', '7eb5380398462e60a6e455cb0306670c', 'f67bfe8acf23c7224356ff7d0c71299a', 'dc28f518216a4d38d6b5514868ee956a', '84cc585bead6958005fde94e3c6b109e', '586', '309.40', '2019-5-23', '0');
INSERT INTO `entrylist` VALUES ('b5aa40427ec9c2ef9029ae60f2d205d9', '81982226', '6e00d2118bfd557ac797b03a69a781e7', 'f67bfe8acf23c7224356ff7d0c71299a', '7fb978f96e67a73d7d6486050430a92c', '34931f0d31e9ab282ab1baee65fdde2e', '472', '33.97', '2019-5-23', '0');
INSERT INTO `entrylist` VALUES ('b6e30b3232b0350340b63ab50cbf1871', '45086806', '7eb5380398462e60a6e455cb0306670c', '457330c3d05a6d89341c6a63a929c0fa', 'dc28f518216a4d38d6b5514868ee956a', 'b7af62df1516ae64dff2af6ff632f688', '862', '388.45', '2019-5-23', '0');
INSERT INTO `entrylist` VALUES ('b74c8ed207df0ba2e25fc95dd483e953', '58892074', '50a6660a946e14fe8c5f3655866558cf', 'ab98710ec68d6cefad93e8ef0d819aa6', '7fb978f96e67a73d7d6486050430a92c', '35d39a1aeaf0d482225143b3eb1344c7', '644', '37.58', '2019-5-23', '0');
INSERT INTO `entrylist` VALUES ('b868679500a1addfc1c09e8560a3e709', '60085017', 'dde5582b43ee37c0c49265063544db7f', 'f67bfe8acf23c7224356ff7d0c71299a', 'dc28f518216a4d38d6b5514868ee956a', '84cc585bead6958005fde94e3c6b109e', '300', '309.40', '2019-5-23', '0');
INSERT INTO `entrylist` VALUES ('b94b341d2b4ee6fc307389bb6740aa7e', '50150980', 'a63a5240e91373bd6cfb7abcc618cfba', '2d722c023ca1039213a863f06652857f', 'a745ea3355120f868b2f67e513785062', '3a1c328bf9cf786d7fe039882c69ec8f', '400', '26.89', '2019-5-23', '0');
INSERT INTO `entrylist` VALUES ('b986299d3b343ef7e3f34e294ae22f70', '74457914', '6e00d2118bfd557ac797b03a69a781e7', '457330c3d05a6d89341c6a63a929c0fa', 'a745ea3355120f868b2f67e513785062', '4552c798c0e458025d80e121d61d964f', '568', '19.48', '2019-5-23', '0');
INSERT INTO `entrylist` VALUES ('b9e140b0586a66855d7f05cc39b07324', '54640021', '32b0a1ed0f322b16689345f0a711e522', '2d722c023ca1039213a863f06652857f', '38d66292b8c8562e6054d65368a794ef', '83c7b845841b3ca1cd4320f4460b969c', '534', '228.80', '2019-5-23', '0');
INSERT INTO `entrylist` VALUES ('ba06ca39a3e3ece4cb913e5527e907ce', '16697722', '50a6660a946e14fe8c5f3655866558cf', '457330c3d05a6d89341c6a63a929c0fa', 'a745ea3355120f868b2f67e513785062', '26e7b9006656c445a36196c749025f49', '787', '18.69', '2019-5-23', '0');
INSERT INTO `entrylist` VALUES ('bbc7902ef2498d6c3e00c8c077579405', '47065850', 'dde5582b43ee37c0c49265063544db7f', 'f67bfe8acf23c7224356ff7d0c71299a', '7fb978f96e67a73d7d6486050430a92c', '59f01f2d4c9fc72b90e5917a0d81854a', '574', '26.05', '2019-5-23', '0');
INSERT INTO `entrylist` VALUES ('bc29fe44896470a6ee47205d2020b18a', '68551443', '50a6660a946e14fe8c5f3655866558cf', '1dbc719be5b84382717e5653dd33048d', '38d66292b8c8562e6054d65368a794ef', '6c52259ed19d45fe0df7df9eed79070e', '411', '577.60', '2019-5-23', '0');
INSERT INTO `entrylist` VALUES ('bd68e5512458a7b9d9237a5a56fc1f9a', '29139282', '7eb5380398462e60a6e455cb0306670c', '69b19d48483c00b11d1e69f28510e465', 'c4b936c9240e05cce744eb71e29ab28a', '6775b745e4d135545f7d6a8715f97415', '395', '5427.80', '2019-5-23', '0');
INSERT INTO `entrylist` VALUES ('be416504d2f44d0248d21e0c4b45e044', '95745123', '6e00d2118bfd557ac797b03a69a781e7', '1dbc719be5b84382717e5653dd33048d', '38d66292b8c8562e6054d65368a794ef', 'c80515dbc38658af9306c6859e5dbfba', '814', '189.60', '2019-5-23', '0');
INSERT INTO `entrylist` VALUES ('bf0ec5dde7697fb13ce571a90204ae51', '17935645', '32b0a1ed0f322b16689345f0a711e522', '69b19d48483c00b11d1e69f28510e465', 'c4b936c9240e05cce744eb71e29ab28a', '6775b745e4d135545f7d6a8715f97415', '513', '5427.80', '2019-5-23', '0');
INSERT INTO `entrylist` VALUES ('bfc109d4d5f2111cdfc005d185a33a0b', '29652589', 'a63a5240e91373bd6cfb7abcc618cfba', '870994052f21a96352872a511774d3c7', 'dc28f518216a4d38d6b5514868ee956a', '34b8ac24fd8522b68fd6fc06101985cf', '905', '582.25', '2019-5-23', '0');
INSERT INTO `entrylist` VALUES ('bfdc6031a4daf18eae256a7710874469', '84713630', '6e00d2118bfd557ac797b03a69a781e7', '457330c3d05a6d89341c6a63a929c0fa', '38d66292b8c8562e6054d65368a794ef', '4f0335ad313b8592aa287f459fd64556', '424', '431.20', '2019-5-23', '0');
INSERT INTO `entrylist` VALUES ('c05c23ca2a341c59adf4c04f3fee4b44', '42966530', '32b0a1ed0f322b16689345f0a711e522', '2108b03e230345f753efc70cbe0001f8', 'a745ea3355120f868b2f67e513785062', 'c1a680edb478242e33df14b32f99727a', '601', '10.66', '2019-5-23', '0');
INSERT INTO `entrylist` VALUES ('c09c17d63e4cffd9aa155ad1467a58e3', '71985464', '7eb5380398462e60a6e455cb0306670c', '1dbc719be5b84382717e5653dd33048d', 'ac734c4f24dff6f431126f8f0c1e6723', '1dce4f17a4eda5a1dfcbb8116116d5e4', '445', '10.08', '2019-5-23', '0');
INSERT INTO `entrylist` VALUES ('c1b141c60c280a369c09682372ecb7e5', '66202515', '1c773d10944c536f7edc07ceca6cbc51', '1dbc719be5b84382717e5653dd33048d', 'dc28f518216a4d38d6b5514868ee956a', 'd0f486d5750225ab0bae6b0097d4f358', '609', '226.95', '2019-5-23', '0');
INSERT INTO `entrylist` VALUES ('c1cf519a203ffffe8439ecad59a3db60', '80446999', 'dde5582b43ee37c0c49265063544db7f', '2108b03e230345f753efc70cbe0001f8', '38d66292b8c8562e6054d65368a794ef', 'e33558e422ed59252821b1d7ea739576', '919', '100.80', '2019-5-23', '0');
INSERT INTO `entrylist` VALUES ('c22a02a6dcf86a3a24b386de090c7a69', '06667550', '87b065efb9d27ec53119a59b8d030c4d', '2108b03e230345f753efc70cbe0001f8', 'a745ea3355120f868b2f67e513785062', '9d8a1c37a30294198cbe77f9dd2dbf5d', '630', '33.41', '2019-5-23', '0');
INSERT INTO `entrylist` VALUES ('c8a9f2f6c455af9303d8e24b02746171', '01291840', 'dde5582b43ee37c0c49265063544db7f', '69b19d48483c00b11d1e69f28510e465', 'dc28f518216a4d38d6b5514868ee956a', 'f8f57b63f9eb7b71d7a2f74c0673ea12', '690', '202.30', '2019-5-23', '0');
INSERT INTO `entrylist` VALUES ('c9e0458375bd3445e50a40df13f870de', '07109331', '1c773d10944c536f7edc07ceca6cbc51', '870994052f21a96352872a511774d3c7', 'a745ea3355120f868b2f67e513785062', '711368790cf4c3a1859f1751794f70a2', '483', '13.78', '2019-5-23', '0');
INSERT INTO `entrylist` VALUES ('c9f62c78b876d7ea0a557d317ed1d508', '72572386', 'a63a5240e91373bd6cfb7abcc618cfba', '1dbc719be5b84382717e5653dd33048d', 'ac734c4f24dff6f431126f8f0c1e6723', 'b48456d99d5d818f9f537bf2284682f4', '213', '12.24', '2019-5-23', '0');
INSERT INTO `entrylist` VALUES ('ca075398c5dda52488dba8e9c27ed4e4', '09040339', '6e00d2118bfd557ac797b03a69a781e7', '457330c3d05a6d89341c6a63a929c0fa', 'c4b936c9240e05cce744eb71e29ab28a', '003181360775eb50c12bbb09f7b5fe92', '595', '3666.60', '2019-5-23', '0');
INSERT INTO `entrylist` VALUES ('ca79f6926cc85e49819d8a92fb4fa3fa', '89042370', '7eb5380398462e60a6e455cb0306670c', 'f67bfe8acf23c7224356ff7d0c71299a', 'a745ea3355120f868b2f67e513785062', '376a1cac8df3b05a0f93e05af9f58a5f', '631', '30.46', '2019-5-23', '0');
INSERT INTO `entrylist` VALUES ('ca8997564515d555b1a2b5e52872e86e', '59085235', '7eb5380398462e60a6e455cb0306670c', '2d722c023ca1039213a863f06652857f', 'c4b936c9240e05cce744eb71e29ab28a', 'a88379ddff12a4c48e067da2aad9e583', '646', '2315.60', '2019-5-23', '0');
INSERT INTO `entrylist` VALUES ('ca9be8e9d35bca1171858d7c225e9673', '94182712', '6e00d2118bfd557ac797b03a69a781e7', '457330c3d05a6d89341c6a63a929c0fa', 'dc28f518216a4d38d6b5514868ee956a', '695c36bace4885a3c3006c6086fc217e', '368', '77.35', '2019-5-23', '0');
INSERT INTO `entrylist` VALUES ('cb6d31c379213c9bd26c7f1f31777427', '25656015', 'dde5582b43ee37c0c49265063544db7f', '2d722c023ca1039213a863f06652857f', 'ac734c4f24dff6f431126f8f0c1e6723', 'fca34c3c6302904c0fbbf62ecca0543a', '849', '7.29', '2019-5-23', '0');
INSERT INTO `entrylist` VALUES ('cbcd321a8ef344e20b6d6a657d4947b4', '30314869', '6cd875ce75f01a39ff0a4bbc87a3d6da', '2d722c023ca1039213a863f06652857f', 'dc28f518216a4d38d6b5514868ee956a', '5019da3253f102235f76d15fb66f4aa9', '288', '517.65', '2019-5-23', '0');
INSERT INTO `entrylist` VALUES ('cd392a9bb7dc8a79478b001487e4940d', '90367368', '87b065efb9d27ec53119a59b8d030c4d', '457330c3d05a6d89341c6a63a929c0fa', '7fb978f96e67a73d7d6486050430a92c', 'b3d573d21e8637b00a81dd1169f61aa1', '364', '43.82', '2019-5-23', '0');
INSERT INTO `entrylist` VALUES ('cdc447e1c20fe75904bf48658d414da5', '35672111', '6cd875ce75f01a39ff0a4bbc87a3d6da', '1dbc719be5b84382717e5653dd33048d', 'c4b936c9240e05cce744eb71e29ab28a', '678995f4e8b28f818d21904a9214a31c', '246', '5180.70', '2019-5-23', '0');
INSERT INTO `entrylist` VALUES ('ce81fc65c825d695448896c85277965f', '73595530', '50a6660a946e14fe8c5f3655866558cf', '457330c3d05a6d89341c6a63a929c0fa', 'dc28f518216a4d38d6b5514868ee956a', '6baa03a93b8845135fb7b972962ee893', '214', '585.65', '2019-5-23', '0');
INSERT INTO `entrylist` VALUES ('cfd404d7513abdba0e2c22480636d8b8', '09495177', '50a6660a946e14fe8c5f3655866558cf', '457330c3d05a6d89341c6a63a929c0fa', 'c4b936c9240e05cce744eb71e29ab28a', 'd40a67bebbf8c6fe855bf3c90db2f9b1', '637', '5364.10', '2019-5-23', '0');
INSERT INTO `entrylist` VALUES ('d016a7cdb7da70cb9cbb0798ac3be99d', '75032195', '87b065efb9d27ec53119a59b8d030c4d', '2d722c023ca1039213a863f06652857f', 'a745ea3355120f868b2f67e513785062', '3a1c328bf9cf786d7fe039882c69ec8f', '908', '26.89', '2019-5-23', '0');
INSERT INTO `entrylist` VALUES ('d1b6846c5f3440115fe782f64ff2e1bc', '94172851', '32b0a1ed0f322b16689345f0a711e522', '2108b03e230345f753efc70cbe0001f8', '38d66292b8c8562e6054d65368a794ef', 'e33558e422ed59252821b1d7ea739576', '757', '100.80', '2019-5-23', '0');
INSERT INTO `entrylist` VALUES ('d1b8d2423bc419f398db7cdb584c8092', '44952560', '72da084ee25803524b042b34515c16e7', '2d722c023ca1039213a863f06652857f', 'a745ea3355120f868b2f67e513785062', 'f0cb73c8f6bc6bd3435ae0aaa7ee3db0', '355', '44.70', '2019-5-23', '0');
INSERT INTO `entrylist` VALUES ('d1cca3e0f1e09bf5d9a00bd87de47e66', '35249342', '87b065efb9d27ec53119a59b8d030c4d', '1dbc719be5b84382717e5653dd33048d', 'a745ea3355120f868b2f67e513785062', '59f4820044ec05af42c5621825c60f0c', '909', '28.93', '2019-5-23', '0');
INSERT INTO `entrylist` VALUES ('d23732b98c674c3d0dbdd42b7eb9362a', '38260479', '6e00d2118bfd557ac797b03a69a781e7', '2108b03e230345f753efc70cbe0001f8', 'a745ea3355120f868b2f67e513785062', 'c1a680edb478242e33df14b32f99727a', '303', '10.66', '2019-5-23', '0');
INSERT INTO `entrylist` VALUES ('d2b772e854f5d5bb4284c3dff5b928b8', '78457134', '6cd875ce75f01a39ff0a4bbc87a3d6da', '2d722c023ca1039213a863f06652857f', 'dc28f518216a4d38d6b5514868ee956a', 'da92046ed41642075b2b8b3026f85086', '922', '174.25', '2019-5-23', '0');
INSERT INTO `entrylist` VALUES ('d3239df41ab8fb38645ab5c64d2d8cad', '57046367', '50a6660a946e14fe8c5f3655866558cf', 'ab98710ec68d6cefad93e8ef0d819aa6', 'a745ea3355120f868b2f67e513785062', '42538d81c0b9709ee22a99d7498bd832', '252', '13.52', '2019-5-23', '0');
INSERT INTO `entrylist` VALUES ('d37c48c83ef631ff4d86545260392437', '28834435', '6e00d2118bfd557ac797b03a69a781e7', '1dbc719be5b84382717e5653dd33048d', 'a745ea3355120f868b2f67e513785062', 'f1c208fc341a5b95d55a7c72fca2e567', '546', '40.19', '2019-5-23', '0');
INSERT INTO `entrylist` VALUES ('d38a01a17741bc54c0f4273be1d18815', '00111457', '72da084ee25803524b042b34515c16e7', 'ab98710ec68d6cefad93e8ef0d819aa6', '38d66292b8c8562e6054d65368a794ef', '4cf42b134d6f643222f1423c1dcb31db', '276', '552.00', '2019-5-23', '0');
INSERT INTO `entrylist` VALUES ('d570fec3a679b2a1ecef93085a5ed1e6', '27009569', '1c773d10944c536f7edc07ceca6cbc51', '2d722c023ca1039213a863f06652857f', 'c4b936c9240e05cce744eb71e29ab28a', 'a88379ddff12a4c48e067da2aad9e583', '356', '2315.60', '2019-5-23', '0');
INSERT INTO `entrylist` VALUES ('d69d86f29b24b2d0d0e18ff40c40651e', '67565162', 'dde5582b43ee37c0c49265063544db7f', 'ab98710ec68d6cefad93e8ef0d819aa6', '7fb978f96e67a73d7d6486050430a92c', '1aee1e6f8769fb45b1bde3443265b49d', '491', '22.97', '2019-5-23', '0');
INSERT INTO `entrylist` VALUES ('d897ea94001eddab3ba9b500c0defb5c', '85491433', '7eb5380398462e60a6e455cb0306670c', '457330c3d05a6d89341c6a63a929c0fa', 'a745ea3355120f868b2f67e513785062', '26e7b9006656c445a36196c749025f49', '591', '18.69', '2019-5-23', '0');
INSERT INTO `entrylist` VALUES ('da62ee814472d41050ef6331824b8032', '47140594', '7eb5380398462e60a6e455cb0306670c', '457330c3d05a6d89341c6a63a929c0fa', 'a745ea3355120f868b2f67e513785062', '74d468be9ae68551efe041144739ef69', '724', '27.26', '2019-5-23', '0');
INSERT INTO `entrylist` VALUES ('da69a63629110f55065047043d71f192', '35924569', 'a63a5240e91373bd6cfb7abcc618cfba', 'f67bfe8acf23c7224356ff7d0c71299a', 'dc28f518216a4d38d6b5514868ee956a', '84cc585bead6958005fde94e3c6b109e', '601', '309.40', '2019-5-23', '0');
INSERT INTO `entrylist` VALUES ('dd7abc380e2ee99c40e9806ca4c3c45a', '73159377', '6e00d2118bfd557ac797b03a69a781e7', '1dbc719be5b84382717e5653dd33048d', 'dc28f518216a4d38d6b5514868ee956a', 'cf3702f02564fe627a4d5b4bee7296b9', '594', '482.80', '2019-5-23', '0');
INSERT INTO `entrylist` VALUES ('dd98730e0fb75dd4871cc77ed80bb31a', '50628099', 'dde5582b43ee37c0c49265063544db7f', '2d722c023ca1039213a863f06652857f', 'dc28f518216a4d38d6b5514868ee956a', 'da92046ed41642075b2b8b3026f85086', '656', '174.25', '2019-5-23', '0');
INSERT INTO `entrylist` VALUES ('df1ff3bab0d11dc6632582f83d456e2a', '20958244', 'dde5582b43ee37c0c49265063544db7f', '2108b03e230345f753efc70cbe0001f8', 'dc28f518216a4d38d6b5514868ee956a', '00d9fed6cada81fabebe698e1fb1ac24', '718', '223.55', '2019-5-23', '0');
INSERT INTO `entrylist` VALUES ('dfab29dbd688325b7bb1623260d48c90', '62825099', '7eb5380398462e60a6e455cb0306670c', '2d722c023ca1039213a863f06652857f', 'dc28f518216a4d38d6b5514868ee956a', 'da92046ed41642075b2b8b3026f85086', '987', '174.25', '2019-5-23', '0');
INSERT INTO `entrylist` VALUES ('e00721be62508734f1bcfc0de37d9ffc', '89142679', '6e00d2118bfd557ac797b03a69a781e7', '870994052f21a96352872a511774d3c7', '38d66292b8c8562e6054d65368a794ef', '7a699d50d21d38a8462bc47587a3a009', '705', '379.20', '2019-5-23', '0');
INSERT INTO `entrylist` VALUES ('e1d6727e2707a120bc70b342bd3b9ab7', '22203006', 'dde5582b43ee37c0c49265063544db7f', '457330c3d05a6d89341c6a63a929c0fa', 'a745ea3355120f868b2f67e513785062', '26e7b9006656c445a36196c749025f49', '355', '18.69', '2019-5-23', '0');
INSERT INTO `entrylist` VALUES ('e388f049718727eb1cbd35d9511e265e', '88995172', '6e00d2118bfd557ac797b03a69a781e7', '2108b03e230345f753efc70cbe0001f8', '38d66292b8c8562e6054d65368a794ef', 'e33558e422ed59252821b1d7ea739576', '216', '100.80', '2019-5-23', '0');
INSERT INTO `entrylist` VALUES ('e409b4e8a2d81dfb2d9e3e28e9c448a4', '34669045', '32b0a1ed0f322b16689345f0a711e522', '870994052f21a96352872a511774d3c7', '7fb978f96e67a73d7d6486050430a92c', 'e3c2422824046fb3bcabd76c3c6cd55a', '533', '15.75', '2019-5-23', '0');
INSERT INTO `entrylist` VALUES ('e7f18802be595cccb7decf283ff85e7d', '72210938', '6cd875ce75f01a39ff0a4bbc87a3d6da', '870994052f21a96352872a511774d3c7', '38d66292b8c8562e6054d65368a794ef', '7a699d50d21d38a8462bc47587a3a009', '861', '379.20', '2019-5-23', '0');
INSERT INTO `entrylist` VALUES ('e8b88fd730ce55e272d8235c8ab271bb', '20671027', 'a63a5240e91373bd6cfb7abcc618cfba', 'f67bfe8acf23c7224356ff7d0c71299a', '7fb978f96e67a73d7d6486050430a92c', '34931f0d31e9ab282ab1baee65fdde2e', '661', '33.97', '2019-5-23', '0');
INSERT INTO `entrylist` VALUES ('e8bbecae96b4b95c54d76ac0a088316a', '04014546', '6cd875ce75f01a39ff0a4bbc87a3d6da', 'f67bfe8acf23c7224356ff7d0c71299a', 'c4b936c9240e05cce744eb71e29ab28a', '7ab0e83acb6ddb5f7e54c287871d8bd6', '952', '3600.10', '2019-5-23', '0');
INSERT INTO `entrylist` VALUES ('eb00fddda355f51b2831980b2eb9e47d', '70484139', '72da084ee25803524b042b34515c16e7', '69b19d48483c00b11d1e69f28510e465', '38d66292b8c8562e6054d65368a794ef', 'f77819c66cafd6b4d203571b33f73831', '373', '548.80', '2019-5-23', '0');
INSERT INTO `entrylist` VALUES ('ebf536b16f4dc4a74289229b951f03ab', '68608437', '50a6660a946e14fe8c5f3655866558cf', '2d722c023ca1039213a863f06652857f', 'dc28f518216a4d38d6b5514868ee956a', 'da92046ed41642075b2b8b3026f85086', '326', '174.25', '2019-5-23', '0');
INSERT INTO `entrylist` VALUES ('edde12d6610a83bdbdc2ed884456fab4', '78652151', '32b0a1ed0f322b16689345f0a711e522', '1dbc719be5b84382717e5653dd33048d', '38d66292b8c8562e6054d65368a794ef', '9d796862ceb14c7784396f5540475df4', '249', '85.60', '2019-5-23', '0');
INSERT INTO `entrylist` VALUES ('ee5f7066422ec765c64e6896db108eac', '55728209', 'dde5582b43ee37c0c49265063544db7f', '1dbc719be5b84382717e5653dd33048d', 'dc28f518216a4d38d6b5514868ee956a', 'd0f486d5750225ab0bae6b0097d4f358', '492', '226.95', '2019-5-23', '0');
INSERT INTO `entrylist` VALUES ('efcdcd3affba35b6b544c65ad33a8f55', '45253177', '50a6660a946e14fe8c5f3655866558cf', 'ab98710ec68d6cefad93e8ef0d819aa6', '38d66292b8c8562e6054d65368a794ef', '26bc968e6772abb91ac9ce779b998fbf', '295', '460.00', '2019-5-23', '0');
INSERT INTO `entrylist` VALUES ('f02ee8fc704f47f2e2b805ce82269719', '46347088', 'dde5582b43ee37c0c49265063544db7f', '2108b03e230345f753efc70cbe0001f8', 'a745ea3355120f868b2f67e513785062', 'f0405b852ce19cbad93093f8bb8051fa', '792', '13.79', '2019-5-23', '0');
INSERT INTO `entrylist` VALUES ('f0942467391a9e46309498b5dbd088ba', '25023293', 'dde5582b43ee37c0c49265063544db7f', '870994052f21a96352872a511774d3c7', '38d66292b8c8562e6054d65368a794ef', 'a17cde66bea60abac0e1aae581b7d1a3', '843', '612.00', '2019-5-23', '0');
INSERT INTO `entrylist` VALUES ('f0c74e94b23d3d9302c5f55cd16b36ec', '99739207', '72da084ee25803524b042b34515c16e7', '2108b03e230345f753efc70cbe0001f8', '38d66292b8c8562e6054d65368a794ef', '74932cd591cdd880fddf729c3896eb7d', '396', '571.20', '2019-5-23', '0');
INSERT INTO `entrylist` VALUES ('f1db74751a74f1ddcc9321f478e7b5c2', '70469618', 'dde5582b43ee37c0c49265063544db7f', '69b19d48483c00b11d1e69f28510e465', '38d66292b8c8562e6054d65368a794ef', 'f77819c66cafd6b4d203571b33f73831', '497', '548.80', '2019-5-23', '0');
INSERT INTO `entrylist` VALUES ('f32ffbac522ca29d1fe587cce63ebf73', '11918004', 'dde5582b43ee37c0c49265063544db7f', '2108b03e230345f753efc70cbe0001f8', 'a745ea3355120f868b2f67e513785062', '58c8b3ef90a824f5ee82547e12f26a6a', '931', '19.34', '2019-5-23', '0');
INSERT INTO `entrylist` VALUES ('f37dc7311c9e35a0032c936c1dab4d1b', '28261644', '72da084ee25803524b042b34515c16e7', '2108b03e230345f753efc70cbe0001f8', 'a745ea3355120f868b2f67e513785062', 'dd8512548ea68074b06f4b7fe1bc2742', '768', '14.38', '2019-5-23', '0');
INSERT INTO `entrylist` VALUES ('f3d6820f41d56425fbbc3804a03e64f4', '43074776', '87b065efb9d27ec53119a59b8d030c4d', 'f67bfe8acf23c7224356ff7d0c71299a', 'a745ea3355120f868b2f67e513785062', '8c3ac492d9f2cd06687bbc74fc3293c8', '509', '27.40', '2019-5-23', '0');
INSERT INTO `entrylist` VALUES ('f4f22c6677d54ceedba0050814f53412', '00696802', 'a63a5240e91373bd6cfb7abcc618cfba', '457330c3d05a6d89341c6a63a929c0fa', '7fb978f96e67a73d7d6486050430a92c', 'b3d573d21e8637b00a81dd1169f61aa1', '512', '43.82', '2019-5-23', '0');
INSERT INTO `entrylist` VALUES ('f5556b82c55c2051353f4135308716ce', '74423389', 'a63a5240e91373bd6cfb7abcc618cfba', '870994052f21a96352872a511774d3c7', 'ac734c4f24dff6f431126f8f0c1e6723', 'bdb5f2478bafd0bac10eee9fbd007664', '867', '12.42', '2019-5-23', '0');
INSERT INTO `entrylist` VALUES ('f655c3c4d2bdf4e7bc14a8d35c75db14', '91258568', 'a63a5240e91373bd6cfb7abcc618cfba', '870994052f21a96352872a511774d3c7', '7fb978f96e67a73d7d6486050430a92c', 'e3c2422824046fb3bcabd76c3c6cd55a', '539', '15.75', '2019-5-23', '0');
INSERT INTO `entrylist` VALUES ('f6575f9f4ae77d08fb7b9d9909189544', '04362868', 'dde5582b43ee37c0c49265063544db7f', '2108b03e230345f753efc70cbe0001f8', '7fb978f96e67a73d7d6486050430a92c', '3d6ea1929c2eb05fcb12277c10239b3f', '452', '22.53', '2019-5-23', '0');
INSERT INTO `entrylist` VALUES ('f88194d6c866139f5235754505c6edbe', '41747408', '7eb5380398462e60a6e455cb0306670c', '870994052f21a96352872a511774d3c7', 'dc28f518216a4d38d6b5514868ee956a', '8a301d037a2c1377d76cdf8bb1aa9cd9', '224', '96.05', '2019-5-23', '0');
INSERT INTO `entrylist` VALUES ('f9523585e97fc8473a35d32bf73eba35', '40766800', '6e00d2118bfd557ac797b03a69a781e7', '457330c3d05a6d89341c6a63a929c0fa', 'ac734c4f24dff6f431126f8f0c1e6723', '7300a98980ef8698d128e175ff2f5a2d', '838', '12.06', '2019-5-23', '0');
INSERT INTO `entrylist` VALUES ('fbb11e4d01608c24d40e15d73625f997', '67007260', 'a63a5240e91373bd6cfb7abcc618cfba', 'ab98710ec68d6cefad93e8ef0d819aa6', '38d66292b8c8562e6054d65368a794ef', '4cf42b134d6f643222f1423c1dcb31db', '724', '552.00', '2019-5-23', '0');
INSERT INTO `entrylist` VALUES ('fc3e3180c264aa3484b91d7794752f40', '99984633', '32b0a1ed0f322b16689345f0a711e522', 'f67bfe8acf23c7224356ff7d0c71299a', 'a745ea3355120f868b2f67e513785062', '027a58bc567d6024743c39672a00cf35', '729', '44.56', '2019-5-23', '0');
INSERT INTO `entrylist` VALUES ('fd50b8b95a35f7fd49926ecb00a2451c', '48889358', '50a6660a946e14fe8c5f3655866558cf', '870994052f21a96352872a511774d3c7', 'ac734c4f24dff6f431126f8f0c1e6723', 'd4aafb6b962893b4ad75e6e54c99fa2a', '468', '8.37', '2019-5-23', '0');
INSERT INTO `entrylist` VALUES ('fd869e2df17a166ca05e3febf967fc60', '60236974', '7eb5380398462e60a6e455cb0306670c', '2d722c023ca1039213a863f06652857f', 'dc28f518216a4d38d6b5514868ee956a', '5019da3253f102235f76d15fb66f4aa9', '402', '517.65', '2019-5-23', '0');
INSERT INTO `entrylist` VALUES ('ff9f67dbb1a2f2131cd450b7f3fb8985', '55530739', '6e00d2118bfd557ac797b03a69a781e7', '2d722c023ca1039213a863f06652857f', 'ac734c4f24dff6f431126f8f0c1e6723', 'fca34c3c6302904c0fbbf62ecca0543a', '203', '7.29', '2019-5-23', '0');

-- ----------------------------
-- Table structure for goods
-- ----------------------------
DROP TABLE IF EXISTS `goods`;
CREATE TABLE `goods` (
  `goodsId` char(32) NOT NULL,
  `goodsName` char(20) NOT NULL,
  `goodsSellingPrice` double(10,2) NOT NULL,
  `goodsOrigin` char(20) NOT NULL,
  `goodsInventory` char(20) NOT NULL,
  `warehouseId` char(32) CHARACTER SET utf8 COLLATE utf8_general_ci NOT NULL,
  `classificationId` char(32) CHARACTER SET utf8 COLLATE utf8_general_ci NOT NULL,
  `goodsDeleteFlag` int(1) NOT NULL DEFAULT '0',
  PRIMARY KEY (`goodsId`),
  KEY `goods_classification` (`classificationId`),
  KEY `goods_warehouse` (`warehouseId`),
  CONSTRAINT `goods_classification` FOREIGN KEY (`classificationId`) REFERENCES `classification` (`classificationId`) ON DELETE CASCADE ON UPDATE CASCADE,
  CONSTRAINT `goods_warehouse` FOREIGN KEY (`warehouseId`) REFERENCES `warehouse` (`warehouseId`) ON DELETE CASCADE ON UPDATE CASCADE
) ENGINE=InnoDB DEFAULT CHARSET=utf8 COLLATE=utf8_general_ci;

-- ----------------------------
-- Records of goods
-- ----------------------------
INSERT INTO `goods` VALUES ('003181360775eb50c12bbb09f7b5fe92', '华为Mate20Pro', '5238.00', '上海', '65', '457330c3d05a6d89341c6a63a929c0fa', 'c4b936c9240e05cce744eb71e29ab28a', '0');
INSERT INTO `goods` VALUES ('00d9fed6cada81fabebe698e1fb1ac24', '小米台灯', '263.00', '济南', '415', '2108b03e230345f753efc70cbe0001f8', 'dc28f518216a4d38d6b5514868ee956a', '0');
INSERT INTO `goods` VALUES ('027a58bc567d6024743c39672a00cf35', '奥古特', '49.51', '襄阳', '197', 'f67bfe8acf23c7224356ff7d0c71299a', 'a745ea3355120f868b2f67e513785062', '0');
INSERT INTO `goods` VALUES ('0765f1c44ac81484f800e51e2ea70573', '北欧落地灯', '382.00', '青岛', '446', '1dbc719be5b84382717e5653dd33048d', 'dc28f518216a4d38d6b5514868ee956a', '0');
INSERT INTO `goods` VALUES ('0c88055e2e4621f037c8c91de29a3c4e', 'SonyA6300', '4685.00', '上海', '292', '457330c3d05a6d89341c6a63a929c0fa', 'c4b936c9240e05cce744eb71e29ab28a', '0');
INSERT INTO `goods` VALUES ('103ec541f082681efdd2acfaf3c9ff50', '蜘蛛王皮鞋', '694.00', '济南', '945', '1dbc719be5b84382717e5653dd33048d', '38d66292b8c8562e6054d65368a794ef', '0');
INSERT INTO `goods` VALUES ('13fe12930969a1cb6a6a95b3dfccb039', '百事可乐', '33.46', '东莞', '279', '870994052f21a96352872a511774d3c7', 'a745ea3355120f868b2f67e513785062', '0');
INSERT INTO `goods` VALUES ('1511279b2d2dbde90d13be193de2f85a', '吮指原味鸡', '20.56', '昌乐', '686', '457330c3d05a6d89341c6a63a929c0fa', 'a745ea3355120f868b2f67e513785062', '0');
INSERT INTO `goods` VALUES ('1aee1e6f8769fb45b1bde3443265b49d', '脸盆', '26.10', '青岛', '105', 'ab98710ec68d6cefad93e8ef0d819aa6', '7fb978f96e67a73d7d6486050430a92c', '0');
INSERT INTO `goods` VALUES ('1ce3c4c7f468f838f8f7a99fcdfd3032', '章鱼丸子', '18.82', '上海', '572', '2108b03e230345f753efc70cbe0001f8', 'a745ea3355120f868b2f67e513785062', '0');
INSERT INTO `goods` VALUES ('1dce4f17a4eda5a1dfcbb8116116d5e4', '晨光2B铅笔', '11.20', '青岛', '773', '1dbc719be5b84382717e5653dd33048d', 'ac734c4f24dff6f431126f8f0c1e6723', '0');
INSERT INTO `goods` VALUES ('1ea3753adef9cd28e839c880a0fbf0a6', 'iPhoneXR', '4099.00', '深圳', '323', '457330c3d05a6d89341c6a63a929c0fa', 'c4b936c9240e05cce744eb71e29ab28a', '0');
INSERT INTO `goods` VALUES ('232314b212c28eb0df96bcd2acf7c588', '奶茶', '11.35', '襄阳', '182', '457330c3d05a6d89341c6a63a929c0fa', 'a745ea3355120f868b2f67e513785062', '0');
INSERT INTO `goods` VALUES ('26bc968e6772abb91ac9ce779b998fbf', '飞行员夹克', '575.00', '张家口', '492', 'ab98710ec68d6cefad93e8ef0d819aa6', '38d66292b8c8562e6054d65368a794ef', '0');
INSERT INTO `goods` VALUES ('26e7b9006656c445a36196c749025f49', 'AD钙奶', '20.77', '东莞', '515', '457330c3d05a6d89341c6a63a929c0fa', 'a745ea3355120f868b2f67e513785062', '0');
INSERT INTO `goods` VALUES ('2708f1b6717845bae5b6b71607e55cd7', 'vivoNEX双屏版', '6447.00', '长沙', '372', 'f67bfe8acf23c7224356ff7d0c71299a', 'c4b936c9240e05cce744eb71e29ab28a', '0');
INSERT INTO `goods` VALUES ('27762286381e59a417fc35f4d40d897f', '丝蕴洗发水', '34.20', '深圳', '150', 'f67bfe8acf23c7224356ff7d0c71299a', '7fb978f96e67a73d7d6486050430a92c', '0');
INSERT INTO `goods` VALUES ('2d00d01718e56391a1e0c6498cb13236', '面膜', '38.30', '成都', '148', '1dbc719be5b84382717e5653dd33048d', '7fb978f96e67a73d7d6486050430a92c', '0');
INSERT INTO `goods` VALUES ('2e4629e697a99291c7f16aac376424d6', '真彩橡皮', '13.50', '成都', '183', '2108b03e230345f753efc70cbe0001f8', 'ac734c4f24dff6f431126f8f0c1e6723', '0');
INSERT INTO `goods` VALUES ('30467f00b67c6d7493c16e9fcb8162f2', '短裤', '581.00', '乌鲁木齐', '940', '457330c3d05a6d89341c6a63a929c0fa', '38d66292b8c8562e6054d65368a794ef', '0');
INSERT INTO `goods` VALUES ('30be76d6710f105365551319490af2a9', '华为nova4', '6734.00', '北京', '61', 'f67bfe8acf23c7224356ff7d0c71299a', 'c4b936c9240e05cce744eb71e29ab28a', '0');
INSERT INTO `goods` VALUES ('34931f0d31e9ab282ab1baee65fdde2e', '大宝', '38.60', '北京', '111', 'f67bfe8acf23c7224356ff7d0c71299a', '7fb978f96e67a73d7d6486050430a92c', '0');
INSERT INTO `goods` VALUES ('34b8ac24fd8522b68fd6fc06101985cf', '节能灯', '685.00', '济南', '276', '870994052f21a96352872a511774d3c7', 'dc28f518216a4d38d6b5514868ee956a', '0');
INSERT INTO `goods` VALUES ('35d39a1aeaf0d482225143b3eb1344c7', '蓝月亮洗衣液', '42.70', '青岛', '195', 'ab98710ec68d6cefad93e8ef0d819aa6', '7fb978f96e67a73d7d6486050430a92c', '0');
INSERT INTO `goods` VALUES ('3640adbc21cb0013ea7d9b8dcaf19365', '牛仔裤', '273.00', '上海', '371', '1dbc719be5b84382717e5653dd33048d', '38d66292b8c8562e6054d65368a794ef', '0');
INSERT INTO `goods` VALUES ('376a1cac8df3b05a0f93e05af9f58a5f', '蜂蜜蛋糕', '33.84', '青岛', '717', 'f67bfe8acf23c7224356ff7d0c71299a', 'a745ea3355120f868b2f67e513785062', '0');
INSERT INTO `goods` VALUES ('3a1c328bf9cf786d7fe039882c69ec8f', '青岛啤酒', '29.88', '昌乐', '542', '2d722c023ca1039213a863f06652857f', 'a745ea3355120f868b2f67e513785062', '0');
INSERT INTO `goods` VALUES ('3b9bf9577af56c9b9a63a914ca3d6275', '卫龙', '40.19', '张家口', '404', '2d722c023ca1039213a863f06652857f', 'a745ea3355120f868b2f67e513785062', '0');
INSERT INTO `goods` VALUES ('3c4eda176b1c8a09432ecb6e7da2e102', '雀巢咖啡', '16.60', '襄阳', '847', 'ab98710ec68d6cefad93e8ef0d819aa6', 'a745ea3355120f868b2f67e513785062', '0');
INSERT INTO `goods` VALUES ('3d6ea1929c2eb05fcb12277c10239b3f', '毛巾', '25.60', '成都', '184', '2108b03e230345f753efc70cbe0001f8', '7fb978f96e67a73d7d6486050430a92c', '0');
INSERT INTO `goods` VALUES ('3eb9464ab108593276faa2e56203f96f', '联想Miix320', '5849.00', '成都', '176', 'ab98710ec68d6cefad93e8ef0d819aa6', 'c4b936c9240e05cce744eb71e29ab28a', '0');
INSERT INTO `goods` VALUES ('406cd43d9bab521456dff181371ea156', 'BF横线本', '8.90', '北京', '218', '69b19d48483c00b11d1e69f28510e465', 'ac734c4f24dff6f431126f8f0c1e6723', '0');
INSERT INTO `goods` VALUES ('41a527df5d749509d43e0b1932403296', '坎肩', '259.00', '北京', '741', 'f67bfe8acf23c7224356ff7d0c71299a', '38d66292b8c8562e6054d65368a794ef', '0');
INSERT INTO `goods` VALUES ('42538d81c0b9709ee22a99d7498bd832', '挂面', '15.02', '长沙', '666', 'ab98710ec68d6cefad93e8ef0d819aa6', 'a745ea3355120f868b2f67e513785062', '0');
INSERT INTO `goods` VALUES ('436c0f75ba16e8b36b9f05a5b81fed63', '张裕解百纳', '10.62', '长沙', '873', '2108b03e230345f753efc70cbe0001f8', 'a745ea3355120f868b2f67e513785062', '0');
INSERT INTO `goods` VALUES ('448685fd39e2394984f889ec2f8bc416', '休闲西装', '587.00', '成都', '509', '2d722c023ca1039213a863f06652857f', '38d66292b8c8562e6054d65368a794ef', '0');
INSERT INTO `goods` VALUES ('4552c798c0e458025d80e121d61d964f', '绿豆糕', '21.64', '成都', '875', '457330c3d05a6d89341c6a63a929c0fa', 'a745ea3355120f868b2f67e513785062', '0');
INSERT INTO `goods` VALUES ('4aa64bba794b63e2cb216c1ca79efb1d', '护手霜', '35.80', '襄阳', '147', '1dbc719be5b84382717e5653dd33048d', '7fb978f96e67a73d7d6486050430a92c', '0');
INSERT INTO `goods` VALUES ('4cf42b134d6f643222f1423c1dcb31db', '运动服', '690.00', '张家口', '648', 'ab98710ec68d6cefad93e8ef0d819aa6', '38d66292b8c8562e6054d65368a794ef', '0');
INSERT INTO `goods` VALUES ('4f0335ad313b8592aa287f459fd64556', '连衣裙', '539.00', '北京', '384', '457330c3d05a6d89341c6a63a929c0fa', '38d66292b8c8562e6054d65368a794ef', '0');
INSERT INTO `goods` VALUES ('5019da3253f102235f76d15fb66f4aa9', '原木书桌', '609.00', '济南', '388', '2d722c023ca1039213a863f06652857f', 'dc28f518216a4d38d6b5514868ee956a', '0');
INSERT INTO `goods` VALUES ('53e6871bbb59c689e2c8be605e88bdc0', '折叠床', '636.00', '张家口', '446', '69b19d48483c00b11d1e69f28510e465', 'dc28f518216a4d38d6b5514868ee956a', '0');
INSERT INTO `goods` VALUES ('54b486957161fd99e6693c6e006e94cb', '得力圆珠笔', '3.80', '青岛', '662', 'ab98710ec68d6cefad93e8ef0d819aa6', 'ac734c4f24dff6f431126f8f0c1e6723', '0');
INSERT INTO `goods` VALUES ('54bdbf4d014c40f358bdb8dca43ba115', '真皮沙发', '672.00', '深圳', '302', 'ab98710ec68d6cefad93e8ef0d819aa6', 'dc28f518216a4d38d6b5514868ee956a', '0');
INSERT INTO `goods` VALUES ('58c8b3ef90a824f5ee82547e12f26a6a', '旺仔牛奶', '21.49', '张家口', '165', '2108b03e230345f753efc70cbe0001f8', 'a745ea3355120f868b2f67e513785062', '0');
INSERT INTO `goods` VALUES ('59f01f2d4c9fc72b90e5917a0d81854a', '竹炭牙刷', '29.60', '上海', '143', 'f67bfe8acf23c7224356ff7d0c71299a', '7fb978f96e67a73d7d6486050430a92c', '0');
INSERT INTO `goods` VALUES ('59f4820044ec05af42c5621825c60f0c', '粽子', '32.14', '张家口', '412', '1dbc719be5b84382717e5653dd33048d', 'a745ea3355120f868b2f67e513785062', '0');
INSERT INTO `goods` VALUES ('5ace54e41a8c2f5e92d316590ff1dad7', '鱿鱼丝', '11.33', '张家口', '692', '69b19d48483c00b11d1e69f28510e465', 'a745ea3355120f868b2f67e513785062', '0');
INSERT INTO `goods` VALUES ('5bad933a5af7c31789232e20b2d1bba1', '迷彩服', '615.00', '石家庄', '253', 'f67bfe8acf23c7224356ff7d0c71299a', '38d66292b8c8562e6054d65368a794ef', '0');
INSERT INTO `goods` VALUES ('5c0eb90adaa3e7d5776d6aaba893900d', '冰红茶', '45.52', '上海', '488', '1dbc719be5b84382717e5653dd33048d', 'a745ea3355120f868b2f67e513785062', '0');
INSERT INTO `goods` VALUES ('600b522850ecd72e4081b6b36cc0b74e', 'OPPOR17Pro', '6124.00', '昌乐', '486', '69b19d48483c00b11d1e69f28510e465', 'c4b936c9240e05cce744eb71e29ab28a', '0');
INSERT INTO `goods` VALUES ('6775b745e4d135545f7d6a8715f97415', '华为MateBookE', '7754.00', '青岛', '495', '69b19d48483c00b11d1e69f28510e465', 'c4b936c9240e05cce744eb71e29ab28a', '0');
INSERT INTO `goods` VALUES ('678995f4e8b28f818d21904a9214a31c', '富士XA', '7401.00', '乌鲁木齐', '203', '1dbc719be5b84382717e5653dd33048d', 'c4b936c9240e05cce744eb71e29ab28a', '0');
INSERT INTO `goods` VALUES ('695c36bace4885a3c3006c6086fc217e', '墙面漆', '91.00', '昌乐', '407', '457330c3d05a6d89341c6a63a929c0fa', 'dc28f518216a4d38d6b5514868ee956a', '0');
INSERT INTO `goods` VALUES ('6baa03a93b8845135fb7b972962ee893', '一家床头柜', '689.00', '张家口', '285', '457330c3d05a6d89341c6a63a929c0fa', 'dc28f518216a4d38d6b5514868ee956a', '0');
INSERT INTO `goods` VALUES ('6c52259ed19d45fe0df7df9eed79070e', '帆布鞋', '722.00', '石家庄', '257', '1dbc719be5b84382717e5653dd33048d', '38d66292b8c8562e6054d65368a794ef', '0');
INSERT INTO `goods` VALUES ('6cdba264daf1a102871c9c58d27a6509', '奥利奥', '36.77', '长沙', '501', '1dbc719be5b84382717e5653dd33048d', 'a745ea3355120f868b2f67e513785062', '0');
INSERT INTO `goods` VALUES ('711368790cf4c3a1859f1751794f70a2', '德芙巧克力', '15.31', '青岛', '993', '870994052f21a96352872a511774d3c7', 'a745ea3355120f868b2f67e513785062', '0');
INSERT INTO `goods` VALUES ('7300a98980ef8698d128e175ff2f5a2d', '信封', '13.40', '襄阳', '416', '457330c3d05a6d89341c6a63a929c0fa', 'ac734c4f24dff6f431126f8f0c1e6723', '0');
INSERT INTO `goods` VALUES ('74932cd591cdd880fddf729c3896eb7d', '背心', '714.00', '张家口', '360', '2108b03e230345f753efc70cbe0001f8', '38d66292b8c8562e6054d65368a794ef', '0');
INSERT INTO `goods` VALUES ('74d468be9ae68551efe041144739ef69', '可口可乐', '30.29', '青岛', '119', '457330c3d05a6d89341c6a63a929c0fa', 'a745ea3355120f868b2f67e513785062', '0');
INSERT INTO `goods` VALUES ('751da511e2a9197cbe5438450ec5fede', '美的KFR-26GW', '6824.00', '北京', '308', 'f67bfe8acf23c7224356ff7d0c71299a', 'c4b936c9240e05cce744eb71e29ab28a', '0');
INSERT INTO `goods` VALUES ('779aa45545d78a8ee3b4a6acf83d8ba9', '索尼NEX-5', '5085.00', '石家庄', '293', '2d722c023ca1039213a863f06652857f', 'c4b936c9240e05cce744eb71e29ab28a', '0');
INSERT INTO `goods` VALUES ('7a339a79e6b04d8645fd4ab059eb59c8', '防晒霜', '14.90', '襄阳', '138', '457330c3d05a6d89341c6a63a929c0fa', '7fb978f96e67a73d7d6486050430a92c', '0');
INSERT INTO `goods` VALUES ('7a699d50d21d38a8462bc47587a3a009', '加绒秋裤', '474.00', '张家口', '660', '870994052f21a96352872a511774d3c7', '38d66292b8c8562e6054d65368a794ef', '0');
INSERT INTO `goods` VALUES ('7ab0e83acb6ddb5f7e54c287871d8bd6', '荣耀V20', '5143.00', '深圳', '230', 'f67bfe8acf23c7224356ff7d0c71299a', 'c4b936c9240e05cce744eb71e29ab28a', '0');
INSERT INTO `goods` VALUES ('7ddce767bede755d3a110449ddb8a720', '军大衣', '554.00', '襄阳', '207', '1dbc719be5b84382717e5653dd33048d', '38d66292b8c8562e6054d65368a794ef', '0');
INSERT INTO `goods` VALUES ('82bf390feaff3cc624725cc85218a2ba', '紧身皮裤', '290.00', '济南', '794', '457330c3d05a6d89341c6a63a929c0fa', '38d66292b8c8562e6054d65368a794ef', '0');
INSERT INTO `goods` VALUES ('83c7b845841b3ca1cd4320f4460b969c', 'T恤', '286.00', '东莞', '325', '2d722c023ca1039213a863f06652857f', '38d66292b8c8562e6054d65368a794ef', '0');
INSERT INTO `goods` VALUES ('84cc585bead6958005fde94e3c6b109e', '席梦思床垫', '364.00', '北京', '154', 'f67bfe8acf23c7224356ff7d0c71299a', 'dc28f518216a4d38d6b5514868ee956a', '0');
INSERT INTO `goods` VALUES ('84e50691f963a786fbe066c1d378fb00', '壁画', '375.00', '北京', '443', '69b19d48483c00b11d1e69f28510e465', 'dc28f518216a4d38d6b5514868ee956a', '0');
INSERT INTO `goods` VALUES ('88c827143814363f6f19bec86ee2e642', '字帖', '11.10', '北京', '259', '1dbc719be5b84382717e5653dd33048d', 'ac734c4f24dff6f431126f8f0c1e6723', '0');
INSERT INTO `goods` VALUES ('895ca9d21e76e70d3ce6e7789420a60d', '浪味仙', '25.44', '石家庄', '262', '870994052f21a96352872a511774d3c7', 'a745ea3355120f868b2f67e513785062', '0');
INSERT INTO `goods` VALUES ('8a301d037a2c1377d76cdf8bb1aa9cd9', '窗帘', '113.00', '长沙', '260', '870994052f21a96352872a511774d3c7', 'dc28f518216a4d38d6b5514868ee956a', '0');
INSERT INTO `goods` VALUES ('8c3ac492d9f2cd06687bbc74fc3293c8', 'G7咖啡', '30.44', '张家口', '794', 'f67bfe8acf23c7224356ff7d0c71299a', 'a745ea3355120f868b2f67e513785062', '0');
INSERT INTO `goods` VALUES ('928ca1d4de9f605f2f6012ac3646fa5f', '水族箱', '694.00', '乌鲁木齐', '463', 'ab98710ec68d6cefad93e8ef0d819aa6', 'dc28f518216a4d38d6b5514868ee956a', '0');
INSERT INTO `goods` VALUES ('9cfe7080ada28a11c13732e9eb7b7539', '魅族16thPlus', '2760.00', '襄阳', '97', '1dbc719be5b84382717e5653dd33048d', 'c4b936c9240e05cce744eb71e29ab28a', '0');
INSERT INTO `goods` VALUES ('9d796862ceb14c7784396f5540475df4', '马丁靴', '107.00', '长沙', '112', '1dbc719be5b84382717e5653dd33048d', '38d66292b8c8562e6054d65368a794ef', '0');
INSERT INTO `goods` VALUES ('9d8a1c37a30294198cbe77f9dd2dbf5d', '曲奇饼干', '37.12', '长沙', '983', '2108b03e230345f753efc70cbe0001f8', 'a745ea3355120f868b2f67e513785062', '0');
INSERT INTO `goods` VALUES ('a0f7661b553558fd89d0cc5f1e93d4f6', '自热小火锅', '42.20', '青岛', '231', '2d722c023ca1039213a863f06652857f', 'a745ea3355120f868b2f67e513785062', '0');
INSERT INTO `goods` VALUES ('a17cde66bea60abac0e1aae581b7d1a3', '真丝旗袍', '765.00', '乌鲁木齐', '773', '870994052f21a96352872a511774d3c7', '38d66292b8c8562e6054d65368a794ef', '0');
INSERT INTO `goods` VALUES ('a88379ddff12a4c48e067da2aad9e583', '神舟PCpadCM', '3308.00', '张家口', '63', '2d722c023ca1039213a863f06652857f', 'c4b936c9240e05cce744eb71e29ab28a', '0');
INSERT INTO `goods` VALUES ('aa98d508d7e30b1106614c62b046a7b1', '高露洁牙膏', '20.60', '昌乐', '197', '870994052f21a96352872a511774d3c7', '7fb978f96e67a73d7d6486050430a92c', '0');
INSERT INTO `goods` VALUES ('ad14de42ea7dafea19a7bf475c9997ab', '三星GalaxyS9+', '4953.00', '昌乐', '81', 'ab98710ec68d6cefad93e8ef0d819aa6', 'c4b936c9240e05cce744eb71e29ab28a', '0');
INSERT INTO `goods` VALUES ('ae2ac2070d521f0b10902d49fef4a172', '酷比魔方KNote5', '6793.00', '深圳', '457', '2108b03e230345f753efc70cbe0001f8', 'c4b936c9240e05cce744eb71e29ab28a', '0');
INSERT INTO `goods` VALUES ('aee5d09d5b8d4b9010d649d147791b10', '舒肤佳肥皂', '18.60', '张家口', '156', 'f67bfe8acf23c7224356ff7d0c71299a', '7fb978f96e67a73d7d6486050430a92c', '0');
INSERT INTO `goods` VALUES ('aeeb675aeb0ef80cef5aacf7450a91b4', '百威啤酒', '23.72', '乌鲁木齐', '668', 'ab98710ec68d6cefad93e8ef0d819aa6', 'a745ea3355120f868b2f67e513785062', '0');
INSERT INTO `goods` VALUES ('b3d573d21e8637b00a81dd1169f61aa1', '吉利剃须刀', '49.80', '东莞', '112', '457330c3d05a6d89341c6a63a929c0fa', '7fb978f96e67a73d7d6486050430a92c', '0');
INSERT INTO `goods` VALUES ('b48456d99d5d818f9f537bf2284682f4', '墨水笔', '13.60', '昌乐', '868', '1dbc719be5b84382717e5653dd33048d', 'ac734c4f24dff6f431126f8f0c1e6723', '0');
INSERT INTO `goods` VALUES ('b7af62df1516ae64dff2af6ff632f688', '鞋柜', '457.00', '成都', '107', '457330c3d05a6d89341c6a63a929c0fa', 'dc28f518216a4d38d6b5514868ee956a', '0');
INSERT INTO `goods` VALUES ('baae43cda73c29652c587d31ac75e5a4', 'iPhoneXSMax', '3935.00', '石家庄', '200', '2108b03e230345f753efc70cbe0001f8', 'c4b936c9240e05cce744eb71e29ab28a', '0');
INSERT INTO `goods` VALUES ('bd3492377e49c5194f12222ed38bc561', '牛皮本', '12.20', '青岛', '224', 'f67bfe8acf23c7224356ff7d0c71299a', 'ac734c4f24dff6f431126f8f0c1e6723', '0');
INSERT INTO `goods` VALUES ('bdb5f2478bafd0bac10eee9fbd007664', '得力文件夹', '13.80', '上海', '824', '870994052f21a96352872a511774d3c7', 'ac734c4f24dff6f431126f8f0c1e6723', '0');
INSERT INTO `goods` VALUES ('c1a680edb478242e33df14b32f99727a', '苏打水', '11.84', '北京', '452', '2108b03e230345f753efc70cbe0001f8', 'a745ea3355120f868b2f67e513785062', '0');
INSERT INTO `goods` VALUES ('c80515dbc38658af9306c6859e5dbfba', '冲锋衣', '237.00', '石家庄', '664', '1dbc719be5b84382717e5653dd33048d', '38d66292b8c8562e6054d65368a794ef', '0');
INSERT INTO `goods` VALUES ('cd263128231acc8de49568b9e2a80c6d', '彩笔', '6.30', '成都', '889', '457330c3d05a6d89341c6a63a929c0fa', 'ac734c4f24dff6f431126f8f0c1e6723', '0');
INSERT INTO `goods` VALUES ('cf3702f02564fe627a4d5b4bee7296b9', '电视柜', '568.00', '上海', '168', '1dbc719be5b84382717e5653dd33048d', 'dc28f518216a4d38d6b5514868ee956a', '0');
INSERT INTO `goods` VALUES ('d0f486d5750225ab0bae6b0097d4f358', '装饰盆景', '267.00', '成都', '191', '1dbc719be5b84382717e5653dd33048d', 'dc28f518216a4d38d6b5514868ee956a', '0');
INSERT INTO `goods` VALUES ('d1437debac24d3618c2cd907f5cc4371', '呢子大衣', '720.00', '长沙', '137', '870994052f21a96352872a511774d3c7', '38d66292b8c8562e6054d65368a794ef', '0');
INSERT INTO `goods` VALUES ('d40a67bebbf8c6fe855bf3c90db2f9b1', '一加6T', '7663.00', '成都', '153', '457330c3d05a6d89341c6a63a929c0fa', 'c4b936c9240e05cce744eb71e29ab28a', '0');
INSERT INTO `goods` VALUES ('d4aafb6b962893b4ad75e6e54c99fa2a', '白雪签字笔', '9.30', '长沙', '732', '870994052f21a96352872a511774d3c7', 'ac734c4f24dff6f431126f8f0c1e6723', '0');
INSERT INTO `goods` VALUES ('d58a9ca18a6e8dc07bea50656cc92ec9', '长虹KFR-26GW', '3206.00', '乌鲁木齐', '431', '69b19d48483c00b11d1e69f28510e465', 'c4b936c9240e05cce744eb71e29ab28a', '0');
INSERT INTO `goods` VALUES ('da92046ed41642075b2b8b3026f85086', '餐桌', '205.00', '深圳', '227', '2d722c023ca1039213a863f06652857f', 'dc28f518216a4d38d6b5514868ee956a', '0');
INSERT INTO `goods` VALUES ('dd6d2a6c3ca42af14f1791ee071803c2', '联想MIIX520', '2056.00', '青岛', '79', '2108b03e230345f753efc70cbe0001f8', 'c4b936c9240e05cce744eb71e29ab28a', '0');
INSERT INTO `goods` VALUES ('dd8512548ea68074b06f4b7fe1bc2742', '红星二锅头', '15.98', '张家口', '804', '2108b03e230345f753efc70cbe0001f8', 'a745ea3355120f868b2f67e513785062', '0');
INSERT INTO `goods` VALUES ('dddf6bedd0d15f3849457ee690fc833b', '羊毛大衣', '224.00', '乌鲁木齐', '397', 'ab98710ec68d6cefad93e8ef0d819aa6', '38d66292b8c8562e6054d65368a794ef', '0');
INSERT INTO `goods` VALUES ('e2d3fb9173932dbeab913c80d3eaec11', '中性笔', '9.80', '北京', '874', '2d722c023ca1039213a863f06652857f', 'ac734c4f24dff6f431126f8f0c1e6723', '0');
INSERT INTO `goods` VALUES ('e33558e422ed59252821b1d7ea739576', '运动鞋', '126.00', '成都', '554', '2108b03e230345f753efc70cbe0001f8', '38d66292b8c8562e6054d65368a794ef', '0');
INSERT INTO `goods` VALUES ('e3c2422824046fb3bcabd76c3c6cd55a', '洗面奶', '17.90', '深圳', '133', '870994052f21a96352872a511774d3c7', '7fb978f96e67a73d7d6486050430a92c', '0');
INSERT INTO `goods` VALUES ('e9b7e7cb9bc5b59b8b5d6611261154a8', '佳洁士牙膏', '26.40', '石家庄', '144', 'f67bfe8acf23c7224356ff7d0c71299a', '7fb978f96e67a73d7d6486050430a92c', '0');
INSERT INTO `goods` VALUES ('ed00006f41820e701a6a9a08ea3a22b3', '海信KFR-72LW', '7330.00', '襄阳', '186', '69b19d48483c00b11d1e69f28510e465', 'c4b936c9240e05cce744eb71e29ab28a', '0');
INSERT INTO `goods` VALUES ('f0405b852ce19cbad93093f8bb8051fa', 'RIO鸡尾酒', '15.32', '石家庄', '907', '2108b03e230345f753efc70cbe0001f8', 'a745ea3355120f868b2f67e513785062', '0');
INSERT INTO `goods` VALUES ('f0cb73c8f6bc6bd3435ae0aaa7ee3db0', '米老头饼干', '49.67', '昌乐', '686', '2d722c023ca1039213a863f06652857f', 'a745ea3355120f868b2f67e513785062', '0');
INSERT INTO `goods` VALUES ('f1c208fc341a5b95d55a7c72fca2e567', '蛋黄酥', '44.66', '深圳', '336', '1dbc719be5b84382717e5653dd33048d', 'a745ea3355120f868b2f67e513785062', '0');
INSERT INTO `goods` VALUES ('f1d7893d460d32010d1c8ef0262e18a3', '登山靴', '462.00', '济南', '785', 'f67bfe8acf23c7224356ff7d0c71299a', '38d66292b8c8562e6054d65368a794ef', '0');
INSERT INTO `goods` VALUES ('f77819c66cafd6b4d203571b33f73831', '衬衫', '686.00', '东莞', '787', '69b19d48483c00b11d1e69f28510e465', '38d66292b8c8562e6054d65368a794ef', '0');
INSERT INTO `goods` VALUES ('f8f57b63f9eb7b71d7a2f74c0673ea12', '墙纸', '238.00', '上海', '379', '69b19d48483c00b11d1e69f28510e465', 'dc28f518216a4d38d6b5514868ee956a', '0');
INSERT INTO `goods` VALUES ('fb15a5c42773dbf6f79d42b5b7eb0c15', '红牛', '23.73', '昌乐', '170', '1dbc719be5b84382717e5653dd33048d', 'a745ea3355120f868b2f67e513785062', '0');
INSERT INTO `goods` VALUES ('fca34c3c6302904c0fbbf62ecca0543a', '得力订书机', '8.10', '青岛', '552', '2d722c023ca1039213a863f06652857f', 'ac734c4f24dff6f431126f8f0c1e6723', '0');
INSERT INTO `goods` VALUES ('fdb68538b4f039166df2b8b410610f1a', '牛肉粒', '34.84', '深圳', '867', '2d722c023ca1039213a863f06652857f', 'a745ea3355120f868b2f67e513785062', '0');

-- ----------------------------
-- Table structure for saleslist
-- ----------------------------
DROP TABLE IF EXISTS `saleslist`;
CREATE TABLE `saleslist` (
  `saleslistId` char(32) NOT NULL,
  `saleslistNumber` char(20) NOT NULL,
  `userId` char(32) CHARACTER SET utf8 COLLATE utf8_general_ci NOT NULL,
  `warehouseId` char(32) CHARACTER SET utf8 COLLATE utf8_general_ci NOT NULL,
  `classificationId` char(32) CHARACTER SET utf8 COLLATE utf8_general_ci NOT NULL,
  `saleslistQuantity` int(10) NOT NULL,
  `goodsId` char(32) CHARACTER SET utf8 COLLATE utf8_general_ci NOT NULL,
  `saleslistDate` char(20) NOT NULL,
  `salesliseDeleteFlag` int(1) NOT NULL DEFAULT '0',
  PRIMARY KEY (`saleslistId`),
  KEY `saleslist_user` (`userId`),
  KEY `saleslist_warehouse` (`warehouseId`),
  KEY `saleslist_classification` (`classificationId`),
  KEY `saleslist_goods` (`goodsId`),
  CONSTRAINT `saleslist_classification` FOREIGN KEY (`classificationId`) REFERENCES `classification` (`classificationId`) ON DELETE CASCADE ON UPDATE CASCADE,
  CONSTRAINT `saleslist_goods` FOREIGN KEY (`goodsId`) REFERENCES `goods` (`goodsId`) ON DELETE CASCADE ON UPDATE CASCADE,
  CONSTRAINT `saleslist_user` FOREIGN KEY (`userId`) REFERENCES `user` (`userId`) ON DELETE CASCADE ON UPDATE CASCADE,
  CONSTRAINT `saleslist_warehouse` FOREIGN KEY (`warehouseId`) REFERENCES `warehouse` (`warehouseId`) ON DELETE CASCADE ON UPDATE CASCADE
) ENGINE=InnoDB DEFAULT CHARSET=utf8 COLLATE=utf8_general_ci;

-- ----------------------------
-- Records of saleslist
-- ----------------------------
INSERT INTO `saleslist` VALUES ('0008d545d80542eb36046728d681128f', '38513426', '87b065efb9d27ec53119a59b8d030c4d', '2108b03e230345f753efc70cbe0001f8', 'a745ea3355120f868b2f67e513785062', '10', 'dd8512548ea68074b06f4b7fe1bc2742', '2019-6-23', '0');
INSERT INTO `saleslist` VALUES ('0095d04ae3011365323bff4b8ce197ad', '65953854', '6cd875ce75f01a39ff0a4bbc87a3d6da', '1dbc719be5b84382717e5653dd33048d', '38d66292b8c8562e6054d65368a794ef', '10', '6c52259ed19d45fe0df7df9eed79070e', '2019-6-23', '0');
INSERT INTO `saleslist` VALUES ('00996eba584a7b92813b5b3162834632', '36578182', '1c773d10944c536f7edc07ceca6cbc51', '69b19d48483c00b11d1e69f28510e465', 'c4b936c9240e05cce744eb71e29ab28a', '20', '600b522850ecd72e4081b6b36cc0b74e', '2019-6-23', '0');
INSERT INTO `saleslist` VALUES ('00a5142b1b9dacc8e0968a9360f14add', '58653837', 'a63a5240e91373bd6cfb7abcc618cfba', '457330c3d05a6d89341c6a63a929c0fa', 'c4b936c9240e05cce744eb71e29ab28a', '13', '1ea3753adef9cd28e839c880a0fbf0a6', '2019-6-23', '0');
INSERT INTO `saleslist` VALUES ('00f863d564ecfc23e259cdaef0596cc0', '04799122', '6cd875ce75f01a39ff0a4bbc87a3d6da', '870994052f21a96352872a511774d3c7', 'dc28f518216a4d38d6b5514868ee956a', '18', '34b8ac24fd8522b68fd6fc06101985cf', '2019-6-23', '0');
INSERT INTO `saleslist` VALUES ('01063d5b1d3b9d14ace781e533400e8b', '61477836', 'a63a5240e91373bd6cfb7abcc618cfba', '2108b03e230345f753efc70cbe0001f8', 'a745ea3355120f868b2f67e513785062', '13', 'f0405b852ce19cbad93093f8bb8051fa', '2019-6-23', '0');
INSERT INTO `saleslist` VALUES ('01b57f5eb19bc6ee7a8822ea91ead29d', '37428384', '7eb5380398462e60a6e455cb0306670c', '2d722c023ca1039213a863f06652857f', '38d66292b8c8562e6054d65368a794ef', '11', '448685fd39e2394984f889ec2f8bc416', '2019-6-23', '0');
INSERT INTO `saleslist` VALUES ('01de8b8df663fe4c8fd6bf1de10826de', '27893630', '7eb5380398462e60a6e455cb0306670c', '457330c3d05a6d89341c6a63a929c0fa', 'a745ea3355120f868b2f67e513785062', '13', '1511279b2d2dbde90d13be193de2f85a', '2019-6-23', '0');
INSERT INTO `saleslist` VALUES ('02447d1350df1f878aa5a9a25696df65', '87227648', 'a63a5240e91373bd6cfb7abcc618cfba', 'f67bfe8acf23c7224356ff7d0c71299a', 'c4b936c9240e05cce744eb71e29ab28a', '20', '751da511e2a9197cbe5438450ec5fede', '2019-6-23', '0');
INSERT INTO `saleslist` VALUES ('03202d17b554aba57d51d34c0316fcec', '77496313', '6cd875ce75f01a39ff0a4bbc87a3d6da', '2d722c023ca1039213a863f06652857f', 'dc28f518216a4d38d6b5514868ee956a', '17', 'da92046ed41642075b2b8b3026f85086', '2019-6-23', '0');
INSERT INTO `saleslist` VALUES ('04029e1251f8a60a8811d6ce5568278b', '12130194', '6cd875ce75f01a39ff0a4bbc87a3d6da', '870994052f21a96352872a511774d3c7', 'dc28f518216a4d38d6b5514868ee956a', '19', '8a301d037a2c1377d76cdf8bb1aa9cd9', '2019-6-23', '0');
INSERT INTO `saleslist` VALUES ('0523da0dafb92ac2b273eba4ecc85828', '31407078', '6e00d2118bfd557ac797b03a69a781e7', '2d722c023ca1039213a863f06652857f', 'a745ea3355120f868b2f67e513785062', '12', 'f0cb73c8f6bc6bd3435ae0aaa7ee3db0', '2019-6-23', '0');
INSERT INTO `saleslist` VALUES ('066b999bb620581eda2c3d8a109a0ec4', '07337361', '72da084ee25803524b042b34515c16e7', 'f67bfe8acf23c7224356ff7d0c71299a', 'c4b936c9240e05cce744eb71e29ab28a', '17', '751da511e2a9197cbe5438450ec5fede', '2019-6-23', '0');
INSERT INTO `saleslist` VALUES ('08ecfc4715830b5ffc5c2f2e0f52f938', '18189302', 'dde5582b43ee37c0c49265063544db7f', '457330c3d05a6d89341c6a63a929c0fa', '7fb978f96e67a73d7d6486050430a92c', '14', '7a339a79e6b04d8645fd4ab059eb59c8', '2019-6-23', '0');
INSERT INTO `saleslist` VALUES ('0aceaf26cb32076e100da43c8bda3c93', '77085065', 'dde5582b43ee37c0c49265063544db7f', '1dbc719be5b84382717e5653dd33048d', 'dc28f518216a4d38d6b5514868ee956a', '19', '0765f1c44ac81484f800e51e2ea70573', '2019-6-23', '0');
INSERT INTO `saleslist` VALUES ('0c5009bdb4d72e7182a2974385385d62', '19998994', '87b065efb9d27ec53119a59b8d030c4d', 'ab98710ec68d6cefad93e8ef0d819aa6', 'c4b936c9240e05cce744eb71e29ab28a', '13', 'ad14de42ea7dafea19a7bf475c9997ab', '2019-6-23', '0');
INSERT INTO `saleslist` VALUES ('0c7a8d100801f98774902b79c5070e1a', '65374329', '6e00d2118bfd557ac797b03a69a781e7', '457330c3d05a6d89341c6a63a929c0fa', 'c4b936c9240e05cce744eb71e29ab28a', '20', '1ea3753adef9cd28e839c880a0fbf0a6', '2019-6-23', '0');
INSERT INTO `saleslist` VALUES ('0ec1efbc04af35503752695315aeee1f', '51652748', '6cd875ce75f01a39ff0a4bbc87a3d6da', '69b19d48483c00b11d1e69f28510e465', 'dc28f518216a4d38d6b5514868ee956a', '10', 'f8f57b63f9eb7b71d7a2f74c0673ea12', '2019-6-23', '0');
INSERT INTO `saleslist` VALUES ('0fa5597c232b3e6893bbc63ef90c6206', '87680454', 'dde5582b43ee37c0c49265063544db7f', '457330c3d05a6d89341c6a63a929c0fa', '38d66292b8c8562e6054d65368a794ef', '13', '4f0335ad313b8592aa287f459fd64556', '2019-6-23', '0');
INSERT INTO `saleslist` VALUES ('0ff3450feee384acf34221379bffbec8', '92076819', '7eb5380398462e60a6e455cb0306670c', 'ab98710ec68d6cefad93e8ef0d819aa6', '38d66292b8c8562e6054d65368a794ef', '20', '26bc968e6772abb91ac9ce779b998fbf', '2019-6-23', '0');
INSERT INTO `saleslist` VALUES ('101b418ef783d36a2dd6232e2515fb7a', '33416661', '6e00d2118bfd557ac797b03a69a781e7', '2108b03e230345f753efc70cbe0001f8', 'a745ea3355120f868b2f67e513785062', '19', '58c8b3ef90a824f5ee82547e12f26a6a', '2019-6-23', '0');
INSERT INTO `saleslist` VALUES ('105b1cc584375e207a7b422c7720a016', '34651278', '6e00d2118bfd557ac797b03a69a781e7', '457330c3d05a6d89341c6a63a929c0fa', 'a745ea3355120f868b2f67e513785062', '10', '232314b212c28eb0df96bcd2acf7c588', '2019-6-23', '0');
INSERT INTO `saleslist` VALUES ('10e126410f03be2af94736fe81c13cae', '30028845', '32b0a1ed0f322b16689345f0a711e522', 'ab98710ec68d6cefad93e8ef0d819aa6', '7fb978f96e67a73d7d6486050430a92c', '18', '1aee1e6f8769fb45b1bde3443265b49d', '2019-6-23', '0');
INSERT INTO `saleslist` VALUES ('114d2a41fca1b247aefb3d38f5513880', '11369003', 'a63a5240e91373bd6cfb7abcc618cfba', '69b19d48483c00b11d1e69f28510e465', 'a745ea3355120f868b2f67e513785062', '10', '5ace54e41a8c2f5e92d316590ff1dad7', '2019-6-23', '0');
INSERT INTO `saleslist` VALUES ('12e36d13aa8c0e9834099c5127c57c8e', '20753891', '87b065efb9d27ec53119a59b8d030c4d', 'ab98710ec68d6cefad93e8ef0d819aa6', '7fb978f96e67a73d7d6486050430a92c', '17', '1aee1e6f8769fb45b1bde3443265b49d', '2019-6-23', '0');
INSERT INTO `saleslist` VALUES ('135197e3faaebb36007a535cb7e4fb0d', '89454856', '6cd875ce75f01a39ff0a4bbc87a3d6da', 'f67bfe8acf23c7224356ff7d0c71299a', '38d66292b8c8562e6054d65368a794ef', '13', '5bad933a5af7c31789232e20b2d1bba1', '2019-6-23', '0');
INSERT INTO `saleslist` VALUES ('13d140e30fccfa7c7468091f4ad69ffa', '06182561', '72da084ee25803524b042b34515c16e7', 'f67bfe8acf23c7224356ff7d0c71299a', 'c4b936c9240e05cce744eb71e29ab28a', '12', '7ab0e83acb6ddb5f7e54c287871d8bd6', '2019-6-23', '0');
INSERT INTO `saleslist` VALUES ('14385c2ef395b7da62ff0e70b1aa3fc4', '23777349', 'dde5582b43ee37c0c49265063544db7f', '870994052f21a96352872a511774d3c7', '7fb978f96e67a73d7d6486050430a92c', '16', 'aa98d508d7e30b1106614c62b046a7b1', '2019-6-23', '0');
INSERT INTO `saleslist` VALUES ('14ab57988701e76a7c73fe7e79a1f2c7', '96989308', 'a63a5240e91373bd6cfb7abcc618cfba', '69b19d48483c00b11d1e69f28510e465', 'dc28f518216a4d38d6b5514868ee956a', '18', '84e50691f963a786fbe066c1d378fb00', '2019-6-23', '0');
INSERT INTO `saleslist` VALUES ('1507720c4c1e6abf87a9b52ce5c47699', '30354779', 'a63a5240e91373bd6cfb7abcc618cfba', '2108b03e230345f753efc70cbe0001f8', 'a745ea3355120f868b2f67e513785062', '10', '58c8b3ef90a824f5ee82547e12f26a6a', '2019-6-23', '0');
INSERT INTO `saleslist` VALUES ('1575a11dbf12dd5b963e494794eb7624', '24442216', '6cd875ce75f01a39ff0a4bbc87a3d6da', '2108b03e230345f753efc70cbe0001f8', 'a745ea3355120f868b2f67e513785062', '10', '1ce3c4c7f468f838f8f7a99fcdfd3032', '2019-6-23', '0');
INSERT INTO `saleslist` VALUES ('1763ea032275141d8f1e2b6e6fefcd93', '75073341', '50a6660a946e14fe8c5f3655866558cf', '2108b03e230345f753efc70cbe0001f8', 'c4b936c9240e05cce744eb71e29ab28a', '15', 'baae43cda73c29652c587d31ac75e5a4', '2019-6-23', '0');
INSERT INTO `saleslist` VALUES ('1afacd775d5567f9caf1a33960490f4f', '23400610', '87b065efb9d27ec53119a59b8d030c4d', '69b19d48483c00b11d1e69f28510e465', 'dc28f518216a4d38d6b5514868ee956a', '17', '53e6871bbb59c689e2c8be605e88bdc0', '2019-6-23', '0');
INSERT INTO `saleslist` VALUES ('1bd81cea34e7abf4c79fcfb4d1a2f865', '83921348', '72da084ee25803524b042b34515c16e7', 'f67bfe8acf23c7224356ff7d0c71299a', 'c4b936c9240e05cce744eb71e29ab28a', '18', '30be76d6710f105365551319490af2a9', '2019-6-23', '0');
INSERT INTO `saleslist` VALUES ('1c21f395ff88bad5356aa2732104be6d', '64695021', '7eb5380398462e60a6e455cb0306670c', '457330c3d05a6d89341c6a63a929c0fa', 'a745ea3355120f868b2f67e513785062', '19', '4552c798c0e458025d80e121d61d964f', '2019-6-23', '0');
INSERT INTO `saleslist` VALUES ('1c738149ef91584560bfd44e456b7bc7', '04959711', '87b065efb9d27ec53119a59b8d030c4d', '69b19d48483c00b11d1e69f28510e465', 'c4b936c9240e05cce744eb71e29ab28a', '11', '6775b745e4d135545f7d6a8715f97415', '2019-6-23', '0');
INSERT INTO `saleslist` VALUES ('1d521e897a850c871ab562ee1e2fac3f', '91350109', '72da084ee25803524b042b34515c16e7', '69b19d48483c00b11d1e69f28510e465', 'c4b936c9240e05cce744eb71e29ab28a', '12', 'ed00006f41820e701a6a9a08ea3a22b3', '2019-6-23', '0');
INSERT INTO `saleslist` VALUES ('1e3315028fc8b0e49433f780725dc388', '25618713', 'a63a5240e91373bd6cfb7abcc618cfba', '1dbc719be5b84382717e5653dd33048d', 'dc28f518216a4d38d6b5514868ee956a', '16', 'd0f486d5750225ab0bae6b0097d4f358', '2019-6-23', '0');
INSERT INTO `saleslist` VALUES ('1ef49558cb16c18fb24b2a0df7d93569', '56731000', '6cd875ce75f01a39ff0a4bbc87a3d6da', '1dbc719be5b84382717e5653dd33048d', 'ac734c4f24dff6f431126f8f0c1e6723', '13', '1dce4f17a4eda5a1dfcbb8116116d5e4', '2019-6-23', '0');
INSERT INTO `saleslist` VALUES ('1f38808df20b1a474358305444edc76d', '25095316', '50a6660a946e14fe8c5f3655866558cf', '2d722c023ca1039213a863f06652857f', 'c4b936c9240e05cce744eb71e29ab28a', '18', '779aa45545d78a8ee3b4a6acf83d8ba9', '2019-6-23', '0');
INSERT INTO `saleslist` VALUES ('21211864998f2f6b2dd6859ccdaac96d', '04876830', '32b0a1ed0f322b16689345f0a711e522', '457330c3d05a6d89341c6a63a929c0fa', 'c4b936c9240e05cce744eb71e29ab28a', '15', 'd40a67bebbf8c6fe855bf3c90db2f9b1', '2019-6-23', '0');
INSERT INTO `saleslist` VALUES ('22204aad4a5716fbede09d740fb30f75', '42968879', 'dde5582b43ee37c0c49265063544db7f', 'f67bfe8acf23c7224356ff7d0c71299a', 'c4b936c9240e05cce744eb71e29ab28a', '20', '30be76d6710f105365551319490af2a9', '2019-6-23', '0');
INSERT INTO `saleslist` VALUES ('222bc0e229848bb5151e9c180df0bd61', '26723428', '6e00d2118bfd557ac797b03a69a781e7', '1dbc719be5b84382717e5653dd33048d', 'dc28f518216a4d38d6b5514868ee956a', '20', 'd0f486d5750225ab0bae6b0097d4f358', '2019-6-23', '0');
INSERT INTO `saleslist` VALUES ('227398dc1c63892a5f249fbfa96f4a26', '58895501', '1c773d10944c536f7edc07ceca6cbc51', '69b19d48483c00b11d1e69f28510e465', 'c4b936c9240e05cce744eb71e29ab28a', '20', 'ed00006f41820e701a6a9a08ea3a22b3', '2019-6-23', '0');
INSERT INTO `saleslist` VALUES ('22dc9a23ef8bb09125975c3603d5fe09', '24390433', 'a63a5240e91373bd6cfb7abcc618cfba', '2d722c023ca1039213a863f06652857f', 'a745ea3355120f868b2f67e513785062', '15', 'fdb68538b4f039166df2b8b410610f1a', '2019-6-23', '0');
INSERT INTO `saleslist` VALUES ('23c1129a41bd99a16caa2d079fe55a97', '81247761', '32b0a1ed0f322b16689345f0a711e522', '870994052f21a96352872a511774d3c7', 'a745ea3355120f868b2f67e513785062', '15', '13fe12930969a1cb6a6a95b3dfccb039', '2019-6-23', '0');
INSERT INTO `saleslist` VALUES ('25bfea97de316ada864f633e2c7b3df9', '32974742', '72da084ee25803524b042b34515c16e7', '1dbc719be5b84382717e5653dd33048d', 'a745ea3355120f868b2f67e513785062', '10', '6cdba264daf1a102871c9c58d27a6509', '2019-6-23', '0');
INSERT INTO `saleslist` VALUES ('2792b038a260858157b5f9abbd690c36', '49883120', '1c773d10944c536f7edc07ceca6cbc51', 'f67bfe8acf23c7224356ff7d0c71299a', 'c4b936c9240e05cce744eb71e29ab28a', '11', '751da511e2a9197cbe5438450ec5fede', '2019-6-23', '0');
INSERT INTO `saleslist` VALUES ('2813b0e2c8b6cde0910256dd17c90ebf', '99761429', '50a6660a946e14fe8c5f3655866558cf', '2108b03e230345f753efc70cbe0001f8', 'a745ea3355120f868b2f67e513785062', '17', '58c8b3ef90a824f5ee82547e12f26a6a', '2019-6-23', '0');
INSERT INTO `saleslist` VALUES ('284e9312be331900d6071eb34154a16c', '01110476', '1c773d10944c536f7edc07ceca6cbc51', 'f67bfe8acf23c7224356ff7d0c71299a', 'c4b936c9240e05cce744eb71e29ab28a', '14', '751da511e2a9197cbe5438450ec5fede', '2019-6-23', '0');
INSERT INTO `saleslist` VALUES ('2a295ff78f9d87a610e575672bba0145', '23719291', 'a63a5240e91373bd6cfb7abcc618cfba', '457330c3d05a6d89341c6a63a929c0fa', 'c4b936c9240e05cce744eb71e29ab28a', '13', '1ea3753adef9cd28e839c880a0fbf0a6', '2019-6-23', '0');
INSERT INTO `saleslist` VALUES ('2b342ebe46f7886297efaa400cc0d946', '18806668', '50a6660a946e14fe8c5f3655866558cf', 'ab98710ec68d6cefad93e8ef0d819aa6', 'a745ea3355120f868b2f67e513785062', '16', 'aeeb675aeb0ef80cef5aacf7450a91b4', '2019-6-23', '0');
INSERT INTO `saleslist` VALUES ('2c35996b1bf66711618f7239782d9335', '22234415', '50a6660a946e14fe8c5f3655866558cf', '2d722c023ca1039213a863f06652857f', 'dc28f518216a4d38d6b5514868ee956a', '15', '5019da3253f102235f76d15fb66f4aa9', '2019-6-23', '0');
INSERT INTO `saleslist` VALUES ('2c4fdd4f99004b64f34d224900e2e008', '42900637', '6cd875ce75f01a39ff0a4bbc87a3d6da', '2108b03e230345f753efc70cbe0001f8', 'a745ea3355120f868b2f67e513785062', '15', '58c8b3ef90a824f5ee82547e12f26a6a', '2019-6-23', '0');
INSERT INTO `saleslist` VALUES ('2cec54b71cf3de3eb9969159dccac9dd', '12874588', 'dde5582b43ee37c0c49265063544db7f', 'f67bfe8acf23c7224356ff7d0c71299a', 'a745ea3355120f868b2f67e513785062', '11', '376a1cac8df3b05a0f93e05af9f58a5f', '2019-6-23', '0');
INSERT INTO `saleslist` VALUES ('2d2691f62d10f36855c7b5626ad888c0', '60650938', '32b0a1ed0f322b16689345f0a711e522', '1dbc719be5b84382717e5653dd33048d', '7fb978f96e67a73d7d6486050430a92c', '14', '4aa64bba794b63e2cb216c1ca79efb1d', '2019-6-23', '0');
INSERT INTO `saleslist` VALUES ('2d3df70d970180aff2f50d88fd90fb15', '69298254', '32b0a1ed0f322b16689345f0a711e522', '1dbc719be5b84382717e5653dd33048d', 'c4b936c9240e05cce744eb71e29ab28a', '15', '678995f4e8b28f818d21904a9214a31c', '2019-6-23', '0');
INSERT INTO `saleslist` VALUES ('2dd1a8e6b215a8100408e8182397788e', '24198829', 'a63a5240e91373bd6cfb7abcc618cfba', 'ab98710ec68d6cefad93e8ef0d819aa6', 'c4b936c9240e05cce744eb71e29ab28a', '17', '3eb9464ab108593276faa2e56203f96f', '2019-6-23', '0');
INSERT INTO `saleslist` VALUES ('2ed164b3d5bd34d16ac078854080929b', '02442547', '72da084ee25803524b042b34515c16e7', '2d722c023ca1039213a863f06652857f', 'dc28f518216a4d38d6b5514868ee956a', '14', 'da92046ed41642075b2b8b3026f85086', '2019-6-23', '0');
INSERT INTO `saleslist` VALUES ('2fe0abd1693022f56c9d74f217f790eb', '74168289', '6e00d2118bfd557ac797b03a69a781e7', '457330c3d05a6d89341c6a63a929c0fa', 'c4b936c9240e05cce744eb71e29ab28a', '19', '1ea3753adef9cd28e839c880a0fbf0a6', '2019-6-23', '0');
INSERT INTO `saleslist` VALUES ('306ef413bb73fb531f3b816f0aa22d2d', '82307390', '6cd875ce75f01a39ff0a4bbc87a3d6da', '870994052f21a96352872a511774d3c7', '38d66292b8c8562e6054d65368a794ef', '17', 'd1437debac24d3618c2cd907f5cc4371', '2019-6-23', '0');
INSERT INTO `saleslist` VALUES ('311583ad000ad76b64a8859b79971ea6', '63932495', '7eb5380398462e60a6e455cb0306670c', '870994052f21a96352872a511774d3c7', 'a745ea3355120f868b2f67e513785062', '17', '895ca9d21e76e70d3ce6e7789420a60d', '2019-6-23', '0');
INSERT INTO `saleslist` VALUES ('319e46b14595e64c2502d4a1ba53aed0', '45669408', '32b0a1ed0f322b16689345f0a711e522', '457330c3d05a6d89341c6a63a929c0fa', 'a745ea3355120f868b2f67e513785062', '10', '4552c798c0e458025d80e121d61d964f', '2019-6-23', '0');
INSERT INTO `saleslist` VALUES ('32822a10408a82a5d31925e192fc35c7', '79463419', '6cd875ce75f01a39ff0a4bbc87a3d6da', '1dbc719be5b84382717e5653dd33048d', 'ac734c4f24dff6f431126f8f0c1e6723', '16', '88c827143814363f6f19bec86ee2e642', '2019-6-23', '0');
INSERT INTO `saleslist` VALUES ('3296a9c376ced9a8447f85ce0fb9f55b', '70488512', '6e00d2118bfd557ac797b03a69a781e7', '2d722c023ca1039213a863f06652857f', 'ac734c4f24dff6f431126f8f0c1e6723', '13', 'e2d3fb9173932dbeab913c80d3eaec11', '2019-6-23', '0');
INSERT INTO `saleslist` VALUES ('32b927b9c8c6028b1eee085636401302', '68716708', '6e00d2118bfd557ac797b03a69a781e7', 'f67bfe8acf23c7224356ff7d0c71299a', '7fb978f96e67a73d7d6486050430a92c', '20', 'aee5d09d5b8d4b9010d649d147791b10', '2019-6-23', '0');
INSERT INTO `saleslist` VALUES ('32c16c7898cc0ff54706308a20b699ad', '75664350', '6e00d2118bfd557ac797b03a69a781e7', 'f67bfe8acf23c7224356ff7d0c71299a', 'c4b936c9240e05cce744eb71e29ab28a', '16', '30be76d6710f105365551319490af2a9', '2019-6-23', '0');
INSERT INTO `saleslist` VALUES ('336c94ae33575fade0b0111e31a69afc', '50549120', '6e00d2118bfd557ac797b03a69a781e7', '2108b03e230345f753efc70cbe0001f8', '38d66292b8c8562e6054d65368a794ef', '16', '74932cd591cdd880fddf729c3896eb7d', '2019-6-23', '0');
INSERT INTO `saleslist` VALUES ('336dd84f2122d678d7135cc98fcf8c41', '93873454', '72da084ee25803524b042b34515c16e7', '2d722c023ca1039213a863f06652857f', 'a745ea3355120f868b2f67e513785062', '20', 'a0f7661b553558fd89d0cc5f1e93d4f6', '2019-6-23', '0');
INSERT INTO `saleslist` VALUES ('343b495802fec4f2c4e0f8178f18fe8a', '80028559', 'dde5582b43ee37c0c49265063544db7f', '1dbc719be5b84382717e5653dd33048d', '38d66292b8c8562e6054d65368a794ef', '14', 'c80515dbc38658af9306c6859e5dbfba', '2019-6-23', '0');
INSERT INTO `saleslist` VALUES ('34fb1506d4a3414e594972b8a6c981cb', '15902169', 'dde5582b43ee37c0c49265063544db7f', '1dbc719be5b84382717e5653dd33048d', '38d66292b8c8562e6054d65368a794ef', '19', '103ec541f082681efdd2acfaf3c9ff50', '2019-6-23', '0');
INSERT INTO `saleslist` VALUES ('354373056b9d8b4c5b33022d14ceda0b', '92691006', '72da084ee25803524b042b34515c16e7', '2108b03e230345f753efc70cbe0001f8', 'a745ea3355120f868b2f67e513785062', '16', 'c1a680edb478242e33df14b32f99727a', '2019-6-23', '0');
INSERT INTO `saleslist` VALUES ('35a592ec238e0f6153c3a3b520531989', '71998326', '7eb5380398462e60a6e455cb0306670c', '870994052f21a96352872a511774d3c7', 'ac734c4f24dff6f431126f8f0c1e6723', '17', 'bdb5f2478bafd0bac10eee9fbd007664', '2019-6-23', '0');
INSERT INTO `saleslist` VALUES ('35ebaa7d21944c7397f357f4f2d3086e', '70340908', '50a6660a946e14fe8c5f3655866558cf', 'f67bfe8acf23c7224356ff7d0c71299a', '7fb978f96e67a73d7d6486050430a92c', '18', 'e9b7e7cb9bc5b59b8b5d6611261154a8', '2019-6-23', '0');
INSERT INTO `saleslist` VALUES ('362d73d53f462ac22e50766c62d85462', '74731703', '7eb5380398462e60a6e455cb0306670c', '457330c3d05a6d89341c6a63a929c0fa', '38d66292b8c8562e6054d65368a794ef', '17', '4f0335ad313b8592aa287f459fd64556', '2019-6-23', '0');
INSERT INTO `saleslist` VALUES ('3796ad8864c7259672bbdc058fb8d0b9', '20001007', '87b065efb9d27ec53119a59b8d030c4d', '1dbc719be5b84382717e5653dd33048d', '38d66292b8c8562e6054d65368a794ef', '17', '3640adbc21cb0013ea7d9b8dcaf19365', '2019-6-23', '0');
INSERT INTO `saleslist` VALUES ('37dd636eb5aaf27ea516d063d5d09f15', '10948249', '72da084ee25803524b042b34515c16e7', '2d722c023ca1039213a863f06652857f', 'a745ea3355120f868b2f67e513785062', '11', '3b9bf9577af56c9b9a63a914ca3d6275', '2019-6-23', '0');
INSERT INTO `saleslist` VALUES ('3959c515c262d8d7566dbd7261b07c91', '48819308', '7eb5380398462e60a6e455cb0306670c', '2108b03e230345f753efc70cbe0001f8', 'a745ea3355120f868b2f67e513785062', '20', '9d8a1c37a30294198cbe77f9dd2dbf5d', '2019-6-23', '0');
INSERT INTO `saleslist` VALUES ('3971c436906bbcc7dac97155703cc9ad', '65263677', 'dde5582b43ee37c0c49265063544db7f', '1dbc719be5b84382717e5653dd33048d', 'ac734c4f24dff6f431126f8f0c1e6723', '19', '1dce4f17a4eda5a1dfcbb8116116d5e4', '2019-6-23', '0');
INSERT INTO `saleslist` VALUES ('3a2e113ff99573d99a8774617f586dda', '66565667', '6e00d2118bfd557ac797b03a69a781e7', '457330c3d05a6d89341c6a63a929c0fa', 'a745ea3355120f868b2f67e513785062', '13', '74d468be9ae68551efe041144739ef69', '2019-6-23', '0');
INSERT INTO `saleslist` VALUES ('3a6a0b98d573a8a182d82f024ef4d400', '45777446', '72da084ee25803524b042b34515c16e7', '2108b03e230345f753efc70cbe0001f8', 'a745ea3355120f868b2f67e513785062', '16', '9d8a1c37a30294198cbe77f9dd2dbf5d', '2019-6-23', '0');
INSERT INTO `saleslist` VALUES ('3b07c06a50602284f05984c2a2c6d834', '56210255', '87b065efb9d27ec53119a59b8d030c4d', 'ab98710ec68d6cefad93e8ef0d819aa6', 'a745ea3355120f868b2f67e513785062', '19', '3c4eda176b1c8a09432ecb6e7da2e102', '2019-6-23', '0');
INSERT INTO `saleslist` VALUES ('3c1c36f085737523114d9c26f9052802', '89215655', '6e00d2118bfd557ac797b03a69a781e7', '1dbc719be5b84382717e5653dd33048d', 'ac734c4f24dff6f431126f8f0c1e6723', '16', '1dce4f17a4eda5a1dfcbb8116116d5e4', '2019-6-23', '0');
INSERT INTO `saleslist` VALUES ('3c8598bfb9257e71eede1c9a9058e6c3', '91619943', '50a6660a946e14fe8c5f3655866558cf', 'f67bfe8acf23c7224356ff7d0c71299a', 'dc28f518216a4d38d6b5514868ee956a', '11', '84cc585bead6958005fde94e3c6b109e', '2019-6-23', '0');
INSERT INTO `saleslist` VALUES ('3f7d01da1afefdd4ceb0c44a7018c5e4', '46150215', '1c773d10944c536f7edc07ceca6cbc51', '457330c3d05a6d89341c6a63a929c0fa', '7fb978f96e67a73d7d6486050430a92c', '18', 'b3d573d21e8637b00a81dd1169f61aa1', '2019-6-23', '0');
INSERT INTO `saleslist` VALUES ('40a1ee66c9c0cbea26d6f72ba565f22d', '85468872', 'dde5582b43ee37c0c49265063544db7f', '2108b03e230345f753efc70cbe0001f8', 'a745ea3355120f868b2f67e513785062', '17', '1ce3c4c7f468f838f8f7a99fcdfd3032', '2019-6-23', '0');
INSERT INTO `saleslist` VALUES ('414fc6fb9402dc7164eea779fc4b6861', '81274046', 'a63a5240e91373bd6cfb7abcc618cfba', '2108b03e230345f753efc70cbe0001f8', 'a745ea3355120f868b2f67e513785062', '11', '9d8a1c37a30294198cbe77f9dd2dbf5d', '2019-6-23', '0');
INSERT INTO `saleslist` VALUES ('426cb89a556b5a347d748587a5bc3376', '69400355', '50a6660a946e14fe8c5f3655866558cf', '1dbc719be5b84382717e5653dd33048d', 'ac734c4f24dff6f431126f8f0c1e6723', '18', 'b48456d99d5d818f9f537bf2284682f4', '2019-6-23', '0');
INSERT INTO `saleslist` VALUES ('437b8a4c5584c2735239171bd128aae2', '39911318', '7eb5380398462e60a6e455cb0306670c', '870994052f21a96352872a511774d3c7', 'a745ea3355120f868b2f67e513785062', '11', '711368790cf4c3a1859f1751794f70a2', '2019-6-23', '0');
INSERT INTO `saleslist` VALUES ('45039bc5a3c75cf405cc173e55fe9c51', '05806630', '87b065efb9d27ec53119a59b8d030c4d', 'f67bfe8acf23c7224356ff7d0c71299a', 'c4b936c9240e05cce744eb71e29ab28a', '12', '7ab0e83acb6ddb5f7e54c287871d8bd6', '2019-6-23', '0');
INSERT INTO `saleslist` VALUES ('450478cebba1a26efa0996493bbe4558', '62432004', '50a6660a946e14fe8c5f3655866558cf', '1dbc719be5b84382717e5653dd33048d', 'a745ea3355120f868b2f67e513785062', '13', 'f1c208fc341a5b95d55a7c72fca2e567', '2019-6-23', '0');
INSERT INTO `saleslist` VALUES ('4508478b2362a00bfaf86abeb6b011c8', '13079764', '1c773d10944c536f7edc07ceca6cbc51', '1dbc719be5b84382717e5653dd33048d', '38d66292b8c8562e6054d65368a794ef', '17', 'c80515dbc38658af9306c6859e5dbfba', '2019-6-23', '0');
INSERT INTO `saleslist` VALUES ('452da5dc2e76743046fa67dfd7d347a8', '73332283', '7eb5380398462e60a6e455cb0306670c', '2108b03e230345f753efc70cbe0001f8', 'a745ea3355120f868b2f67e513785062', '16', '9d8a1c37a30294198cbe77f9dd2dbf5d', '2019-6-23', '0');
INSERT INTO `saleslist` VALUES ('45db2b54f5eafd352175de6658365b38', '72207396', 'a63a5240e91373bd6cfb7abcc618cfba', '2108b03e230345f753efc70cbe0001f8', 'dc28f518216a4d38d6b5514868ee956a', '10', '00d9fed6cada81fabebe698e1fb1ac24', '2019-6-23', '0');
INSERT INTO `saleslist` VALUES ('4616386e3a8afd733302bc37afe9757a', '93302715', '6e00d2118bfd557ac797b03a69a781e7', 'ab98710ec68d6cefad93e8ef0d819aa6', '38d66292b8c8562e6054d65368a794ef', '10', '4cf42b134d6f643222f1423c1dcb31db', '2019-6-23', '0');
INSERT INTO `saleslist` VALUES ('46b771685e0c31cf8958fc3e97d0e35e', '80890562', 'a63a5240e91373bd6cfb7abcc618cfba', '1dbc719be5b84382717e5653dd33048d', 'ac734c4f24dff6f431126f8f0c1e6723', '14', 'b48456d99d5d818f9f537bf2284682f4', '2019-6-23', '0');
INSERT INTO `saleslist` VALUES ('46d6e14e340482e3182294c0b245c594', '63602865', 'a63a5240e91373bd6cfb7abcc618cfba', '1dbc719be5b84382717e5653dd33048d', '38d66292b8c8562e6054d65368a794ef', '17', '103ec541f082681efdd2acfaf3c9ff50', '2019-6-23', '0');
INSERT INTO `saleslist` VALUES ('46dbe0155ab7c2380a4c1c371d185107', '07702324', '50a6660a946e14fe8c5f3655866558cf', '2d722c023ca1039213a863f06652857f', 'c4b936c9240e05cce744eb71e29ab28a', '10', '779aa45545d78a8ee3b4a6acf83d8ba9', '2019-6-23', '0');
INSERT INTO `saleslist` VALUES ('46dfe522cd9da3ace661731cebc8c3ee', '25059509', 'dde5582b43ee37c0c49265063544db7f', '870994052f21a96352872a511774d3c7', 'ac734c4f24dff6f431126f8f0c1e6723', '13', 'bdb5f2478bafd0bac10eee9fbd007664', '2019-6-23', '0');
INSERT INTO `saleslist` VALUES ('47fb8aa722eaa41f193c20b0393f7fca', '39239358', '7eb5380398462e60a6e455cb0306670c', '1dbc719be5b84382717e5653dd33048d', '7fb978f96e67a73d7d6486050430a92c', '19', '4aa64bba794b63e2cb216c1ca79efb1d', '2019-6-23', '0');
INSERT INTO `saleslist` VALUES ('486a801676e2b7abd0e4fca7bad9ad2e', '22008876', '72da084ee25803524b042b34515c16e7', '2108b03e230345f753efc70cbe0001f8', 'a745ea3355120f868b2f67e513785062', '14', '436c0f75ba16e8b36b9f05a5b81fed63', '2019-6-23', '0');
INSERT INTO `saleslist` VALUES ('4895789785d18ffc33814bd73bd1cc43', '58145202', '6cd875ce75f01a39ff0a4bbc87a3d6da', 'ab98710ec68d6cefad93e8ef0d819aa6', '7fb978f96e67a73d7d6486050430a92c', '16', '1aee1e6f8769fb45b1bde3443265b49d', '2019-6-23', '0');
INSERT INTO `saleslist` VALUES ('4923d95b9e7b36c79b5f95cf72d82f0a', '56683070', '6cd875ce75f01a39ff0a4bbc87a3d6da', '870994052f21a96352872a511774d3c7', 'a745ea3355120f868b2f67e513785062', '16', '13fe12930969a1cb6a6a95b3dfccb039', '2019-6-23', '0');
INSERT INTO `saleslist` VALUES ('4996e85fd9b7b61952a27681e78dba3f', '83161611', '1c773d10944c536f7edc07ceca6cbc51', '457330c3d05a6d89341c6a63a929c0fa', 'c4b936c9240e05cce744eb71e29ab28a', '12', '003181360775eb50c12bbb09f7b5fe92', '2019-6-23', '0');
INSERT INTO `saleslist` VALUES ('4b706cabbc9017168870e198df2b39f7', '05604924', '72da084ee25803524b042b34515c16e7', '2108b03e230345f753efc70cbe0001f8', 'a745ea3355120f868b2f67e513785062', '11', 'f0405b852ce19cbad93093f8bb8051fa', '2019-6-23', '0');
INSERT INTO `saleslist` VALUES ('4d06c2a75f65a1ee7455b5687a154b28', '03809070', '72da084ee25803524b042b34515c16e7', '69b19d48483c00b11d1e69f28510e465', 'dc28f518216a4d38d6b5514868ee956a', '11', '84e50691f963a786fbe066c1d378fb00', '2019-6-23', '0');
INSERT INTO `saleslist` VALUES ('4d3ddc27da6e085c445831d003db27d9', '38992291', 'dde5582b43ee37c0c49265063544db7f', 'f67bfe8acf23c7224356ff7d0c71299a', 'c4b936c9240e05cce744eb71e29ab28a', '14', '2708f1b6717845bae5b6b71607e55cd7', '2019-6-23', '0');
INSERT INTO `saleslist` VALUES ('4ef2c5ea2765853687967ec616330159', '41823979', 'dde5582b43ee37c0c49265063544db7f', 'f67bfe8acf23c7224356ff7d0c71299a', '38d66292b8c8562e6054d65368a794ef', '14', '41a527df5d749509d43e0b1932403296', '2019-6-23', '0');
INSERT INTO `saleslist` VALUES ('4f69713e5336c92ca6edb0b26e36eb19', '32961889', '72da084ee25803524b042b34515c16e7', 'ab98710ec68d6cefad93e8ef0d819aa6', 'ac734c4f24dff6f431126f8f0c1e6723', '20', '54b486957161fd99e6693c6e006e94cb', '2019-6-23', '0');
INSERT INTO `saleslist` VALUES ('4ff3f15d2584c1c672f623e15bacdb76', '15273833', '32b0a1ed0f322b16689345f0a711e522', 'f67bfe8acf23c7224356ff7d0c71299a', 'a745ea3355120f868b2f67e513785062', '18', '376a1cac8df3b05a0f93e05af9f58a5f', '2019-6-23', '0');
INSERT INTO `saleslist` VALUES ('5010b4c0f664d706c6e94cd06ee34b3f', '43300235', 'dde5582b43ee37c0c49265063544db7f', '457330c3d05a6d89341c6a63a929c0fa', '38d66292b8c8562e6054d65368a794ef', '18', '4f0335ad313b8592aa287f459fd64556', '2019-6-23', '0');
INSERT INTO `saleslist` VALUES ('50af1b0bb750b1e59e05c52a002a43a1', '65773208', '7eb5380398462e60a6e455cb0306670c', '1dbc719be5b84382717e5653dd33048d', '7fb978f96e67a73d7d6486050430a92c', '15', '2d00d01718e56391a1e0c6498cb13236', '2019-6-23', '0');
INSERT INTO `saleslist` VALUES ('514ca58831eef7500ddbaa2df7ad55fb', '83691549', 'dde5582b43ee37c0c49265063544db7f', 'f67bfe8acf23c7224356ff7d0c71299a', 'c4b936c9240e05cce744eb71e29ab28a', '17', '7ab0e83acb6ddb5f7e54c287871d8bd6', '2019-6-23', '0');
INSERT INTO `saleslist` VALUES ('51b859f0fa242d7fa00ed3ff5b20756b', '71874442', '50a6660a946e14fe8c5f3655866558cf', '1dbc719be5b84382717e5653dd33048d', 'c4b936c9240e05cce744eb71e29ab28a', '14', '9cfe7080ada28a11c13732e9eb7b7539', '2019-6-23', '0');
INSERT INTO `saleslist` VALUES ('53018e635ff076be5e25d275eaecf6d7', '64407817', 'a63a5240e91373bd6cfb7abcc618cfba', '1dbc719be5b84382717e5653dd33048d', '38d66292b8c8562e6054d65368a794ef', '20', '7ddce767bede755d3a110449ddb8a720', '2019-6-23', '0');
INSERT INTO `saleslist` VALUES ('537bdbe7ac8dc5c962e8dc908b687a98', '11136882', 'dde5582b43ee37c0c49265063544db7f', '457330c3d05a6d89341c6a63a929c0fa', '7fb978f96e67a73d7d6486050430a92c', '14', 'b3d573d21e8637b00a81dd1169f61aa1', '2019-6-23', '0');
INSERT INTO `saleslist` VALUES ('540e820536aea2300434157ae6eee641', '67079361', '50a6660a946e14fe8c5f3655866558cf', 'ab98710ec68d6cefad93e8ef0d819aa6', 'a745ea3355120f868b2f67e513785062', '11', '42538d81c0b9709ee22a99d7498bd832', '2019-6-23', '0');
INSERT INTO `saleslist` VALUES ('5437e573e21418519fef5aa924a481b1', '69032384', '6e00d2118bfd557ac797b03a69a781e7', 'ab98710ec68d6cefad93e8ef0d819aa6', 'dc28f518216a4d38d6b5514868ee956a', '13', '928ca1d4de9f605f2f6012ac3646fa5f', '2019-6-23', '0');
INSERT INTO `saleslist` VALUES ('545f2f4c17e35825f9e406ac4c004335', '01561817', '50a6660a946e14fe8c5f3655866558cf', '2108b03e230345f753efc70cbe0001f8', 'ac734c4f24dff6f431126f8f0c1e6723', '20', '2e4629e697a99291c7f16aac376424d6', '2019-6-23', '0');
INSERT INTO `saleslist` VALUES ('558a03e2669d29119fa7914ad0144b7c', '25639214', '6cd875ce75f01a39ff0a4bbc87a3d6da', '69b19d48483c00b11d1e69f28510e465', 'ac734c4f24dff6f431126f8f0c1e6723', '20', '406cd43d9bab521456dff181371ea156', '2019-6-23', '0');
INSERT INTO `saleslist` VALUES ('56f711a73933df668b6f59b840b767e0', '55989406', '72da084ee25803524b042b34515c16e7', '69b19d48483c00b11d1e69f28510e465', 'c4b936c9240e05cce744eb71e29ab28a', '11', '600b522850ecd72e4081b6b36cc0b74e', '2019-6-23', '0');
INSERT INTO `saleslist` VALUES ('576b6621e1171f5d89de26aa24141324', '45150176', '87b065efb9d27ec53119a59b8d030c4d', '69b19d48483c00b11d1e69f28510e465', 'c4b936c9240e05cce744eb71e29ab28a', '18', '6775b745e4d135545f7d6a8715f97415', '2019-6-23', '0');
INSERT INTO `saleslist` VALUES ('57c2e881e4a78fc887a6f4d2a64c286e', '02647645', '50a6660a946e14fe8c5f3655866558cf', '1dbc719be5b84382717e5653dd33048d', 'dc28f518216a4d38d6b5514868ee956a', '12', '0765f1c44ac81484f800e51e2ea70573', '2019-6-23', '0');
INSERT INTO `saleslist` VALUES ('57d9b4e5106d03f824133c9971dbea8c', '35182250', '87b065efb9d27ec53119a59b8d030c4d', '1dbc719be5b84382717e5653dd33048d', 'a745ea3355120f868b2f67e513785062', '12', '6cdba264daf1a102871c9c58d27a6509', '2019-6-23', '0');
INSERT INTO `saleslist` VALUES ('5940d7e47f66cdf286e812d54d6ee46f', '57624844', 'a63a5240e91373bd6cfb7abcc618cfba', 'f67bfe8acf23c7224356ff7d0c71299a', 'a745ea3355120f868b2f67e513785062', '10', '376a1cac8df3b05a0f93e05af9f58a5f', '2019-6-23', '0');
INSERT INTO `saleslist` VALUES ('5a672a81b2d5b51cf1bc43863ca12e10', '46551814', '72da084ee25803524b042b34515c16e7', 'ab98710ec68d6cefad93e8ef0d819aa6', 'ac734c4f24dff6f431126f8f0c1e6723', '19', '54b486957161fd99e6693c6e006e94cb', '2019-6-23', '0');
INSERT INTO `saleslist` VALUES ('5abd3745c7e84b6bca28f373ca684a74', '28246247', '1c773d10944c536f7edc07ceca6cbc51', '1dbc719be5b84382717e5653dd33048d', '38d66292b8c8562e6054d65368a794ef', '10', 'c80515dbc38658af9306c6859e5dbfba', '2019-6-23', '0');
INSERT INTO `saleslist` VALUES ('5bf73371fafd2ad578a4b9d82ed37f21', '33942433', '50a6660a946e14fe8c5f3655866558cf', '870994052f21a96352872a511774d3c7', '38d66292b8c8562e6054d65368a794ef', '12', '7a699d50d21d38a8462bc47587a3a009', '2019-6-23', '0');
INSERT INTO `saleslist` VALUES ('5c4c36e75af3fbe70825cfc53d5b9cdf', '09101197', 'a63a5240e91373bd6cfb7abcc618cfba', '870994052f21a96352872a511774d3c7', '7fb978f96e67a73d7d6486050430a92c', '15', 'aa98d508d7e30b1106614c62b046a7b1', '2019-6-23', '0');
INSERT INTO `saleslist` VALUES ('5e87716287e6c815b326c48da441229d', '53357411', '1c773d10944c536f7edc07ceca6cbc51', '2108b03e230345f753efc70cbe0001f8', 'a745ea3355120f868b2f67e513785062', '15', '436c0f75ba16e8b36b9f05a5b81fed63', '2019-6-23', '0');
INSERT INTO `saleslist` VALUES ('5e934a19423e5e519875f5623c356461', '68710396', 'a63a5240e91373bd6cfb7abcc618cfba', '457330c3d05a6d89341c6a63a929c0fa', 'ac734c4f24dff6f431126f8f0c1e6723', '18', 'cd263128231acc8de49568b9e2a80c6d', '2019-6-23', '0');
INSERT INTO `saleslist` VALUES ('60cdb25cbe0cde4fc59076085de4a312', '31281414', '32b0a1ed0f322b16689345f0a711e522', 'ab98710ec68d6cefad93e8ef0d819aa6', 'dc28f518216a4d38d6b5514868ee956a', '12', '54bdbf4d014c40f358bdb8dca43ba115', '2019-6-23', '0');
INSERT INTO `saleslist` VALUES ('61229f07c4ccfca1ac43293949ceeb75', '58902265', '6cd875ce75f01a39ff0a4bbc87a3d6da', '2108b03e230345f753efc70cbe0001f8', 'a745ea3355120f868b2f67e513785062', '11', 'f0405b852ce19cbad93093f8bb8051fa', '2019-6-23', '0');
INSERT INTO `saleslist` VALUES ('68327f49dc729b4251cbbffa71a0197b', '36713517', '1c773d10944c536f7edc07ceca6cbc51', 'ab98710ec68d6cefad93e8ef0d819aa6', 'ac734c4f24dff6f431126f8f0c1e6723', '18', '54b486957161fd99e6693c6e006e94cb', '2019-6-23', '0');
INSERT INTO `saleslist` VALUES ('68be01832a1f1a9082d4ec4712e5b604', '64540974', 'dde5582b43ee37c0c49265063544db7f', '457330c3d05a6d89341c6a63a929c0fa', 'c4b936c9240e05cce744eb71e29ab28a', '16', '0c88055e2e4621f037c8c91de29a3c4e', '2019-6-23', '0');
INSERT INTO `saleslist` VALUES ('69da62a93787b559030c0cd55671efef', '51040969', 'a63a5240e91373bd6cfb7abcc618cfba', '870994052f21a96352872a511774d3c7', 'ac734c4f24dff6f431126f8f0c1e6723', '20', 'd4aafb6b962893b4ad75e6e54c99fa2a', '2019-6-23', '0');
INSERT INTO `saleslist` VALUES ('6b8a38b41801c6c422ef1d0263e8acf7', '17425044', '6e00d2118bfd557ac797b03a69a781e7', '1dbc719be5b84382717e5653dd33048d', 'ac734c4f24dff6f431126f8f0c1e6723', '14', 'b48456d99d5d818f9f537bf2284682f4', '2019-6-23', '0');
INSERT INTO `saleslist` VALUES ('6bad1233892842c3dbc1a0b6d07c61b3', '83627607', '7eb5380398462e60a6e455cb0306670c', 'f67bfe8acf23c7224356ff7d0c71299a', '7fb978f96e67a73d7d6486050430a92c', '18', '34931f0d31e9ab282ab1baee65fdde2e', '2019-6-23', '0');
INSERT INTO `saleslist` VALUES ('6bd119bfcc5e3b5e147c3ec9fd98a4fc', '68070232', '1c773d10944c536f7edc07ceca6cbc51', '2d722c023ca1039213a863f06652857f', 'ac734c4f24dff6f431126f8f0c1e6723', '14', 'fca34c3c6302904c0fbbf62ecca0543a', '2019-6-23', '0');
INSERT INTO `saleslist` VALUES ('6be47fe815087f99cea8eee1bb627829', '78367387', '87b065efb9d27ec53119a59b8d030c4d', '69b19d48483c00b11d1e69f28510e465', 'ac734c4f24dff6f431126f8f0c1e6723', '19', '406cd43d9bab521456dff181371ea156', '2019-6-23', '0');
INSERT INTO `saleslist` VALUES ('6d869f3ea57c286c23842cfc7bdb2446', '75361324', 'a63a5240e91373bd6cfb7abcc618cfba', '457330c3d05a6d89341c6a63a929c0fa', '7fb978f96e67a73d7d6486050430a92c', '13', '7a339a79e6b04d8645fd4ab059eb59c8', '2019-6-23', '0');
INSERT INTO `saleslist` VALUES ('6dd4387e56022994b3afa177eccdbaa9', '99038933', '50a6660a946e14fe8c5f3655866558cf', '870994052f21a96352872a511774d3c7', '38d66292b8c8562e6054d65368a794ef', '11', 'a17cde66bea60abac0e1aae581b7d1a3', '2019-6-23', '0');
INSERT INTO `saleslist` VALUES ('6ea22038bd15436e5a0d8850d2bd03e6', '49588333', 'a63a5240e91373bd6cfb7abcc618cfba', 'ab98710ec68d6cefad93e8ef0d819aa6', 'c4b936c9240e05cce744eb71e29ab28a', '14', 'ad14de42ea7dafea19a7bf475c9997ab', '2019-6-23', '0');
INSERT INTO `saleslist` VALUES ('6eb2d48e27fbb1186266a90e0ab741f9', '68497840', '6cd875ce75f01a39ff0a4bbc87a3d6da', '2d722c023ca1039213a863f06652857f', 'a745ea3355120f868b2f67e513785062', '16', '3a1c328bf9cf786d7fe039882c69ec8f', '2019-6-23', '0');
INSERT INTO `saleslist` VALUES ('6ef77b54effc812faea165bdf1d5dd92', '30282794', '6e00d2118bfd557ac797b03a69a781e7', '69b19d48483c00b11d1e69f28510e465', 'dc28f518216a4d38d6b5514868ee956a', '13', '53e6871bbb59c689e2c8be605e88bdc0', '2019-6-23', '0');
INSERT INTO `saleslist` VALUES ('6f26c7b74757acf299112f36a55d8033', '83329711', '50a6660a946e14fe8c5f3655866558cf', '457330c3d05a6d89341c6a63a929c0fa', 'c4b936c9240e05cce744eb71e29ab28a', '10', '003181360775eb50c12bbb09f7b5fe92', '2019-6-23', '0');
INSERT INTO `saleslist` VALUES ('7010be539b8288fec5df586fbce6a35e', '29503903', '1c773d10944c536f7edc07ceca6cbc51', '2108b03e230345f753efc70cbe0001f8', 'c4b936c9240e05cce744eb71e29ab28a', '13', 'dd6d2a6c3ca42af14f1791ee071803c2', '2019-6-23', '0');
INSERT INTO `saleslist` VALUES ('71cc7d949fda407d2a1aa10bbc3a01c9', '28249604', '32b0a1ed0f322b16689345f0a711e522', '457330c3d05a6d89341c6a63a929c0fa', 'c4b936c9240e05cce744eb71e29ab28a', '16', '1ea3753adef9cd28e839c880a0fbf0a6', '2019-6-23', '0');
INSERT INTO `saleslist` VALUES ('7209fe6b88c90410482bb18f35f2ea8f', '00261009', '32b0a1ed0f322b16689345f0a711e522', '69b19d48483c00b11d1e69f28510e465', 'dc28f518216a4d38d6b5514868ee956a', '20', 'f8f57b63f9eb7b71d7a2f74c0673ea12', '2019-6-23', '0');
INSERT INTO `saleslist` VALUES ('74757d2218ff300ba8916f468fed4a7f', '36943023', '32b0a1ed0f322b16689345f0a711e522', 'ab98710ec68d6cefad93e8ef0d819aa6', 'dc28f518216a4d38d6b5514868ee956a', '11', '928ca1d4de9f605f2f6012ac3646fa5f', '2019-6-23', '0');
INSERT INTO `saleslist` VALUES ('75173816c10fdc1004c81f22e42d7506', '05134232', '50a6660a946e14fe8c5f3655866558cf', 'ab98710ec68d6cefad93e8ef0d819aa6', '38d66292b8c8562e6054d65368a794ef', '19', '26bc968e6772abb91ac9ce779b998fbf', '2019-6-23', '0');
INSERT INTO `saleslist` VALUES ('765ecda867dfd99851a9837919eb74be', '35936985', '6cd875ce75f01a39ff0a4bbc87a3d6da', '870994052f21a96352872a511774d3c7', '7fb978f96e67a73d7d6486050430a92c', '13', 'e3c2422824046fb3bcabd76c3c6cd55a', '2019-6-23', '0');
INSERT INTO `saleslist` VALUES ('78bdeab19bcae861e51ef4507bdcf35c', '90114367', 'a63a5240e91373bd6cfb7abcc618cfba', 'f67bfe8acf23c7224356ff7d0c71299a', '7fb978f96e67a73d7d6486050430a92c', '20', 'e9b7e7cb9bc5b59b8b5d6611261154a8', '2019-6-23', '0');
INSERT INTO `saleslist` VALUES ('79107256962d6615cf9e2a9905007cfe', '19761767', '87b065efb9d27ec53119a59b8d030c4d', '2d722c023ca1039213a863f06652857f', 'c4b936c9240e05cce744eb71e29ab28a', '15', '779aa45545d78a8ee3b4a6acf83d8ba9', '2019-6-23', '0');
INSERT INTO `saleslist` VALUES ('794e3fb297eabeeeee52c9b41fb03c60', '06474780', '32b0a1ed0f322b16689345f0a711e522', '2108b03e230345f753efc70cbe0001f8', '38d66292b8c8562e6054d65368a794ef', '13', '74932cd591cdd880fddf729c3896eb7d', '2019-6-23', '0');
INSERT INTO `saleslist` VALUES ('7a036b56dfe1e803792ae769f6b3a723', '44621700', '87b065efb9d27ec53119a59b8d030c4d', '457330c3d05a6d89341c6a63a929c0fa', 'dc28f518216a4d38d6b5514868ee956a', '14', 'b7af62df1516ae64dff2af6ff632f688', '2019-6-23', '0');
INSERT INTO `saleslist` VALUES ('7a2f0011e70bebfa2ff74c39410e2f24', '03302998', '50a6660a946e14fe8c5f3655866558cf', '457330c3d05a6d89341c6a63a929c0fa', 'c4b936c9240e05cce744eb71e29ab28a', '10', '003181360775eb50c12bbb09f7b5fe92', '2019-6-23', '0');
INSERT INTO `saleslist` VALUES ('7b7ae59e5fae1adc52c0f8198bbf05aa', '91101684', '7eb5380398462e60a6e455cb0306670c', 'f67bfe8acf23c7224356ff7d0c71299a', 'a745ea3355120f868b2f67e513785062', '16', '027a58bc567d6024743c39672a00cf35', '2019-6-23', '0');
INSERT INTO `saleslist` VALUES ('7cbfbd176f355eddeb3d4b8fea09c1cf', '15771913', 'a63a5240e91373bd6cfb7abcc618cfba', 'f67bfe8acf23c7224356ff7d0c71299a', 'a745ea3355120f868b2f67e513785062', '19', '8c3ac492d9f2cd06687bbc74fc3293c8', '2019-6-23', '0');
INSERT INTO `saleslist` VALUES ('7d825902914e014d5cc85fb4b1655dca', '64716522', 'a63a5240e91373bd6cfb7abcc618cfba', '69b19d48483c00b11d1e69f28510e465', 'ac734c4f24dff6f431126f8f0c1e6723', '18', '406cd43d9bab521456dff181371ea156', '2019-6-23', '0');
INSERT INTO `saleslist` VALUES ('7e93fbeedfee6ccdf547a5ae3592933a', '93896348', '50a6660a946e14fe8c5f3655866558cf', '457330c3d05a6d89341c6a63a929c0fa', '7fb978f96e67a73d7d6486050430a92c', '12', 'b3d573d21e8637b00a81dd1169f61aa1', '2019-6-23', '0');
INSERT INTO `saleslist` VALUES ('7f87634e47d27d999144086e59afcbdf', '85276927', '32b0a1ed0f322b16689345f0a711e522', 'ab98710ec68d6cefad93e8ef0d819aa6', 'dc28f518216a4d38d6b5514868ee956a', '19', '928ca1d4de9f605f2f6012ac3646fa5f', '2019-6-23', '0');
INSERT INTO `saleslist` VALUES ('7ffecfc08ca12cc00b87c4b268f45ba4', '11178415', '7eb5380398462e60a6e455cb0306670c', 'f67bfe8acf23c7224356ff7d0c71299a', 'c4b936c9240e05cce744eb71e29ab28a', '18', '751da511e2a9197cbe5438450ec5fede', '2019-6-23', '0');
INSERT INTO `saleslist` VALUES ('804fb35493fc3c211db43303bf209031', '36314572', 'a63a5240e91373bd6cfb7abcc618cfba', '1dbc719be5b84382717e5653dd33048d', '7fb978f96e67a73d7d6486050430a92c', '10', '4aa64bba794b63e2cb216c1ca79efb1d', '2019-6-23', '0');
INSERT INTO `saleslist` VALUES ('816734741b8473376bf5a2881141adc3', '76568289', '72da084ee25803524b042b34515c16e7', '1dbc719be5b84382717e5653dd33048d', '38d66292b8c8562e6054d65368a794ef', '18', '103ec541f082681efdd2acfaf3c9ff50', '2019-6-23', '0');
INSERT INTO `saleslist` VALUES ('816aaef0b91ce2fe2ec3b06683659f5c', '76405233', '1c773d10944c536f7edc07ceca6cbc51', '2108b03e230345f753efc70cbe0001f8', 'ac734c4f24dff6f431126f8f0c1e6723', '18', '2e4629e697a99291c7f16aac376424d6', '2019-6-23', '0');
INSERT INTO `saleslist` VALUES ('8228d1c6921979f6a252aaafc13b8b35', '14013011', '6e00d2118bfd557ac797b03a69a781e7', '1dbc719be5b84382717e5653dd33048d', '38d66292b8c8562e6054d65368a794ef', '20', '3640adbc21cb0013ea7d9b8dcaf19365', '2019-6-23', '0');
INSERT INTO `saleslist` VALUES ('8280eaf9074326140ccd6cc43460bc59', '42902783', '1c773d10944c536f7edc07ceca6cbc51', 'f67bfe8acf23c7224356ff7d0c71299a', '7fb978f96e67a73d7d6486050430a92c', '20', '59f01f2d4c9fc72b90e5917a0d81854a', '2019-6-23', '0');
INSERT INTO `saleslist` VALUES ('82a06516ec724da3dc92bbc069758ac0', '68843161', '7eb5380398462e60a6e455cb0306670c', 'ab98710ec68d6cefad93e8ef0d819aa6', '7fb978f96e67a73d7d6486050430a92c', '10', '35d39a1aeaf0d482225143b3eb1344c7', '2019-6-23', '0');
INSERT INTO `saleslist` VALUES ('8305264f28c24347dd5eb1435b95e5b3', '71562125', '6e00d2118bfd557ac797b03a69a781e7', '1dbc719be5b84382717e5653dd33048d', 'a745ea3355120f868b2f67e513785062', '20', 'f1c208fc341a5b95d55a7c72fca2e567', '2019-6-23', '0');
INSERT INTO `saleslist` VALUES ('8338050f6dc8c8f305808f6e7fa88305', '68031485', '50a6660a946e14fe8c5f3655866558cf', '2108b03e230345f753efc70cbe0001f8', 'a745ea3355120f868b2f67e513785062', '14', '436c0f75ba16e8b36b9f05a5b81fed63', '2019-6-23', '0');
INSERT INTO `saleslist` VALUES ('8439a422695fe04ce5a267d5cf4aa21f', '88956173', 'a63a5240e91373bd6cfb7abcc618cfba', '1dbc719be5b84382717e5653dd33048d', 'dc28f518216a4d38d6b5514868ee956a', '14', 'd0f486d5750225ab0bae6b0097d4f358', '2019-6-23', '0');
INSERT INTO `saleslist` VALUES ('869c427ee40b4e9f19b63bdc85656af7', '72900836', 'a63a5240e91373bd6cfb7abcc618cfba', '457330c3d05a6d89341c6a63a929c0fa', 'c4b936c9240e05cce744eb71e29ab28a', '15', 'd40a67bebbf8c6fe855bf3c90db2f9b1', '2019-6-23', '0');
INSERT INTO `saleslist` VALUES ('871803e24874f52e2ac7e74befa2d4f8', '78264447', '6e00d2118bfd557ac797b03a69a781e7', '457330c3d05a6d89341c6a63a929c0fa', '38d66292b8c8562e6054d65368a794ef', '10', '30467f00b67c6d7493c16e9fcb8162f2', '2019-6-23', '0');
INSERT INTO `saleslist` VALUES ('87254dda1301295e3771304a894fca72', '73926687', 'dde5582b43ee37c0c49265063544db7f', '69b19d48483c00b11d1e69f28510e465', 'dc28f518216a4d38d6b5514868ee956a', '11', '84e50691f963a786fbe066c1d378fb00', '2019-6-23', '0');
INSERT INTO `saleslist` VALUES ('872ebbe96d3ee9e1496753ef75b72312', '91015767', '32b0a1ed0f322b16689345f0a711e522', '69b19d48483c00b11d1e69f28510e465', 'dc28f518216a4d38d6b5514868ee956a', '14', '84e50691f963a786fbe066c1d378fb00', '2019-6-23', '0');
INSERT INTO `saleslist` VALUES ('8cb6dc6da9baa564288c9d7f0df317de', '65395077', '87b065efb9d27ec53119a59b8d030c4d', '2108b03e230345f753efc70cbe0001f8', 'a745ea3355120f868b2f67e513785062', '20', '436c0f75ba16e8b36b9f05a5b81fed63', '2019-6-23', '0');
INSERT INTO `saleslist` VALUES ('8cc632c2ae73c8b310b0962353f7ad80', '14741679', '6e00d2118bfd557ac797b03a69a781e7', '1dbc719be5b84382717e5653dd33048d', 'a745ea3355120f868b2f67e513785062', '18', '5c0eb90adaa3e7d5776d6aaba893900d', '2019-6-23', '0');
INSERT INTO `saleslist` VALUES ('8cdcd6a7da0a0e0fea87a56855396671', '75118108', '32b0a1ed0f322b16689345f0a711e522', 'ab98710ec68d6cefad93e8ef0d819aa6', '38d66292b8c8562e6054d65368a794ef', '15', '26bc968e6772abb91ac9ce779b998fbf', '2019-6-23', '0');
INSERT INTO `saleslist` VALUES ('8d8d0961722210bc7305f37e44f7fa17', '33685517', '32b0a1ed0f322b16689345f0a711e522', 'ab98710ec68d6cefad93e8ef0d819aa6', '38d66292b8c8562e6054d65368a794ef', '19', '4cf42b134d6f643222f1423c1dcb31db', '2019-6-23', '0');
INSERT INTO `saleslist` VALUES ('8e136785d2ca2e1d0be60f3d4bf43e98', '67946342', '7eb5380398462e60a6e455cb0306670c', '870994052f21a96352872a511774d3c7', '7fb978f96e67a73d7d6486050430a92c', '17', 'aa98d508d7e30b1106614c62b046a7b1', '2019-6-23', '0');
INSERT INTO `saleslist` VALUES ('8ecf3a21e4c628024b93f22e47210d46', '62796305', '6e00d2118bfd557ac797b03a69a781e7', 'f67bfe8acf23c7224356ff7d0c71299a', '38d66292b8c8562e6054d65368a794ef', '18', 'f1d7893d460d32010d1c8ef0262e18a3', '2019-6-23', '0');
INSERT INTO `saleslist` VALUES ('9031d3eb3dacf9fd3847efe14b311bcc', '35897593', '32b0a1ed0f322b16689345f0a711e522', '870994052f21a96352872a511774d3c7', 'a745ea3355120f868b2f67e513785062', '10', '13fe12930969a1cb6a6a95b3dfccb039', '2019-6-23', '0');
INSERT INTO `saleslist` VALUES ('90654b21299de17e37b57403491c247f', '68264808', '6cd875ce75f01a39ff0a4bbc87a3d6da', 'f67bfe8acf23c7224356ff7d0c71299a', 'c4b936c9240e05cce744eb71e29ab28a', '12', '7ab0e83acb6ddb5f7e54c287871d8bd6', '2019-6-23', '0');
INSERT INTO `saleslist` VALUES ('90b153c800932dcfbef340c5cd721a78', '38142034', '7eb5380398462e60a6e455cb0306670c', '1dbc719be5b84382717e5653dd33048d', 'a745ea3355120f868b2f67e513785062', '16', 'fb15a5c42773dbf6f79d42b5b7eb0c15', '2019-6-23', '0');
INSERT INTO `saleslist` VALUES ('91014a1ff6af30a94d0703e22601b028', '78289290', 'a63a5240e91373bd6cfb7abcc618cfba', '1dbc719be5b84382717e5653dd33048d', 'c4b936c9240e05cce744eb71e29ab28a', '10', '9cfe7080ada28a11c13732e9eb7b7539', '2019-6-23', '0');
INSERT INTO `saleslist` VALUES ('91017f492d48cfbd6d154286c7395403', '77152551', 'a63a5240e91373bd6cfb7abcc618cfba', '457330c3d05a6d89341c6a63a929c0fa', 'c4b936c9240e05cce744eb71e29ab28a', '20', '0c88055e2e4621f037c8c91de29a3c4e', '2019-6-23', '0');
INSERT INTO `saleslist` VALUES ('9170bb38b941e26d655e023845310219', '00800141', '1c773d10944c536f7edc07ceca6cbc51', 'ab98710ec68d6cefad93e8ef0d819aa6', '38d66292b8c8562e6054d65368a794ef', '13', 'dddf6bedd0d15f3849457ee690fc833b', '2019-6-23', '0');
INSERT INTO `saleslist` VALUES ('91a0799f57fecb1a75a25f327d97f78c', '40761803', '1c773d10944c536f7edc07ceca6cbc51', '2108b03e230345f753efc70cbe0001f8', '38d66292b8c8562e6054d65368a794ef', '20', '74932cd591cdd880fddf729c3896eb7d', '2019-6-23', '0');
INSERT INTO `saleslist` VALUES ('921a13d083bde280060c9daa67456e22', '61023287', 'dde5582b43ee37c0c49265063544db7f', '457330c3d05a6d89341c6a63a929c0fa', 'c4b936c9240e05cce744eb71e29ab28a', '19', 'd40a67bebbf8c6fe855bf3c90db2f9b1', '2019-6-23', '0');
INSERT INTO `saleslist` VALUES ('922184e2d08626cbf47481d497580f8d', '42913329', '6cd875ce75f01a39ff0a4bbc87a3d6da', '870994052f21a96352872a511774d3c7', 'a745ea3355120f868b2f67e513785062', '14', '13fe12930969a1cb6a6a95b3dfccb039', '2019-6-23', '0');
INSERT INTO `saleslist` VALUES ('944cc973d53e45414d5c067c74650a02', '76027135', '6e00d2118bfd557ac797b03a69a781e7', '69b19d48483c00b11d1e69f28510e465', 'c4b936c9240e05cce744eb71e29ab28a', '11', 'ed00006f41820e701a6a9a08ea3a22b3', '2019-6-23', '0');
INSERT INTO `saleslist` VALUES ('95abb29cb4f26abfa29955c148d821c9', '16240799', '6cd875ce75f01a39ff0a4bbc87a3d6da', '457330c3d05a6d89341c6a63a929c0fa', 'ac734c4f24dff6f431126f8f0c1e6723', '13', 'cd263128231acc8de49568b9e2a80c6d', '2019-6-23', '0');
INSERT INTO `saleslist` VALUES ('96d89f1c3bf18289c2bc9d86cd1fcc73', '57178042', '32b0a1ed0f322b16689345f0a711e522', '457330c3d05a6d89341c6a63a929c0fa', 'c4b936c9240e05cce744eb71e29ab28a', '14', '1ea3753adef9cd28e839c880a0fbf0a6', '2019-6-23', '0');
INSERT INTO `saleslist` VALUES ('97d32e9cd518f1a994c2f772774c2edd', '76319058', '7eb5380398462e60a6e455cb0306670c', '1dbc719be5b84382717e5653dd33048d', '38d66292b8c8562e6054d65368a794ef', '15', '6c52259ed19d45fe0df7df9eed79070e', '2019-6-23', '0');
INSERT INTO `saleslist` VALUES ('99205303cddad73fd12f87f7f82edffc', '26599575', '6e00d2118bfd557ac797b03a69a781e7', '457330c3d05a6d89341c6a63a929c0fa', 'ac734c4f24dff6f431126f8f0c1e6723', '18', '7300a98980ef8698d128e175ff2f5a2d', '2019-6-23', '0');
INSERT INTO `saleslist` VALUES ('999167bf6ff8af3ffe870bd3081e5082', '23557792', '6cd875ce75f01a39ff0a4bbc87a3d6da', '870994052f21a96352872a511774d3c7', '7fb978f96e67a73d7d6486050430a92c', '19', 'aa98d508d7e30b1106614c62b046a7b1', '2019-6-23', '0');
INSERT INTO `saleslist` VALUES ('9b2aefed5d0b25ca351efb7b13e49b36', '75859605', '87b065efb9d27ec53119a59b8d030c4d', '69b19d48483c00b11d1e69f28510e465', '38d66292b8c8562e6054d65368a794ef', '19', 'f77819c66cafd6b4d203571b33f73831', '2019-6-23', '0');
INSERT INTO `saleslist` VALUES ('9c0ff9cb862a629d05987c97a07ff230', '78283440', '6e00d2118bfd557ac797b03a69a781e7', '1dbc719be5b84382717e5653dd33048d', 'ac734c4f24dff6f431126f8f0c1e6723', '10', '1dce4f17a4eda5a1dfcbb8116116d5e4', '2019-6-23', '0');
INSERT INTO `saleslist` VALUES ('9c512007c06c0e229edd995f49b8fa06', '86242368', '7eb5380398462e60a6e455cb0306670c', '457330c3d05a6d89341c6a63a929c0fa', '7fb978f96e67a73d7d6486050430a92c', '14', '7a339a79e6b04d8645fd4ab059eb59c8', '2019-6-23', '0');
INSERT INTO `saleslist` VALUES ('9d52e208d22ae5ef9eea1c98ef1ba025', '46329960', '6cd875ce75f01a39ff0a4bbc87a3d6da', '1dbc719be5b84382717e5653dd33048d', 'ac734c4f24dff6f431126f8f0c1e6723', '18', 'b48456d99d5d818f9f537bf2284682f4', '2019-6-23', '0');
INSERT INTO `saleslist` VALUES ('9d82d60ab46c06e6d55a3d3bfd455faf', '23635853', '50a6660a946e14fe8c5f3655866558cf', 'f67bfe8acf23c7224356ff7d0c71299a', '7fb978f96e67a73d7d6486050430a92c', '11', '27762286381e59a417fc35f4d40d897f', '2019-6-23', '0');
INSERT INTO `saleslist` VALUES ('9d90af8869fa32294edf81fee0a6e9de', '93483242', 'a63a5240e91373bd6cfb7abcc618cfba', '69b19d48483c00b11d1e69f28510e465', 'ac734c4f24dff6f431126f8f0c1e6723', '19', '406cd43d9bab521456dff181371ea156', '2019-6-23', '0');
INSERT INTO `saleslist` VALUES ('9e491fb4418a953d3393812fc7f87a93', '06877818', '50a6660a946e14fe8c5f3655866558cf', 'f67bfe8acf23c7224356ff7d0c71299a', '7fb978f96e67a73d7d6486050430a92c', '13', '27762286381e59a417fc35f4d40d897f', '2019-6-23', '0');
INSERT INTO `saleslist` VALUES ('9e9d312ec6d06a21251fe8bd2c61c0c7', '90890520', '6cd875ce75f01a39ff0a4bbc87a3d6da', '2108b03e230345f753efc70cbe0001f8', '38d66292b8c8562e6054d65368a794ef', '15', 'e33558e422ed59252821b1d7ea739576', '2019-6-23', '0');
INSERT INTO `saleslist` VALUES ('9fd45e2579a9cd7c1f4c62403919d74d', '43198271', '1c773d10944c536f7edc07ceca6cbc51', 'ab98710ec68d6cefad93e8ef0d819aa6', 'dc28f518216a4d38d6b5514868ee956a', '14', '928ca1d4de9f605f2f6012ac3646fa5f', '2019-6-23', '0');
INSERT INTO `saleslist` VALUES ('a071c54bb44b2e661846226e41b8fe08', '46066632', '1c773d10944c536f7edc07ceca6cbc51', 'f67bfe8acf23c7224356ff7d0c71299a', 'a745ea3355120f868b2f67e513785062', '18', '376a1cac8df3b05a0f93e05af9f58a5f', '2019-6-23', '0');
INSERT INTO `saleslist` VALUES ('a0ab79dfdf7ce705fa95c385865b8402', '75668887', 'a63a5240e91373bd6cfb7abcc618cfba', '457330c3d05a6d89341c6a63a929c0fa', 'a745ea3355120f868b2f67e513785062', '15', '26e7b9006656c445a36196c749025f49', '2019-6-23', '0');
INSERT INTO `saleslist` VALUES ('a0d387fd9574ca2dbed17db7744aa23f', '74503791', 'a63a5240e91373bd6cfb7abcc618cfba', '69b19d48483c00b11d1e69f28510e465', 'c4b936c9240e05cce744eb71e29ab28a', '18', '600b522850ecd72e4081b6b36cc0b74e', '2019-6-23', '0');
INSERT INTO `saleslist` VALUES ('a20ce9a8d19b34e0864cd58d26cb8fdf', '68114318', '72da084ee25803524b042b34515c16e7', '870994052f21a96352872a511774d3c7', '7fb978f96e67a73d7d6486050430a92c', '14', 'aa98d508d7e30b1106614c62b046a7b1', '2019-6-23', '0');
INSERT INTO `saleslist` VALUES ('a2895d25e151ff12caf05bb031b2b1ed', '48617350', '72da084ee25803524b042b34515c16e7', 'ab98710ec68d6cefad93e8ef0d819aa6', '38d66292b8c8562e6054d65368a794ef', '16', '4cf42b134d6f643222f1423c1dcb31db', '2019-6-23', '0');
INSERT INTO `saleslist` VALUES ('a2d24ffc8bdb0fa70439dad35ad055dc', '24221841', '6cd875ce75f01a39ff0a4bbc87a3d6da', '457330c3d05a6d89341c6a63a929c0fa', '38d66292b8c8562e6054d65368a794ef', '13', '30467f00b67c6d7493c16e9fcb8162f2', '2019-6-23', '0');
INSERT INTO `saleslist` VALUES ('a40560b1845949df3f7ee997c7682c13', '47119313', '87b065efb9d27ec53119a59b8d030c4d', 'ab98710ec68d6cefad93e8ef0d819aa6', 'a745ea3355120f868b2f67e513785062', '15', '3c4eda176b1c8a09432ecb6e7da2e102', '2019-6-23', '0');
INSERT INTO `saleslist` VALUES ('a4337521e7d3d7e58108cf8e45d6a976', '16684864', '50a6660a946e14fe8c5f3655866558cf', '2d722c023ca1039213a863f06652857f', 'a745ea3355120f868b2f67e513785062', '16', 'f0cb73c8f6bc6bd3435ae0aaa7ee3db0', '2019-6-23', '0');
INSERT INTO `saleslist` VALUES ('a59c08822e2eb4caba1c52ec7636d702', '93696508', '50a6660a946e14fe8c5f3655866558cf', 'f67bfe8acf23c7224356ff7d0c71299a', 'dc28f518216a4d38d6b5514868ee956a', '10', '84cc585bead6958005fde94e3c6b109e', '2019-6-23', '0');
INSERT INTO `saleslist` VALUES ('a5c7cba2d075af176b32c2e699dffccd', '89143251', '50a6660a946e14fe8c5f3655866558cf', 'ab98710ec68d6cefad93e8ef0d819aa6', '38d66292b8c8562e6054d65368a794ef', '18', '4cf42b134d6f643222f1423c1dcb31db', '2019-6-23', '0');
INSERT INTO `saleslist` VALUES ('a81729dbb9612a3ed74c6e6dca7ffb7f', '08291034', '6e00d2118bfd557ac797b03a69a781e7', 'f67bfe8acf23c7224356ff7d0c71299a', '7fb978f96e67a73d7d6486050430a92c', '11', '59f01f2d4c9fc72b90e5917a0d81854a', '2019-6-23', '0');
INSERT INTO `saleslist` VALUES ('a841389780173360c617b5926245b2d6', '58613006', '72da084ee25803524b042b34515c16e7', '1dbc719be5b84382717e5653dd33048d', 'ac734c4f24dff6f431126f8f0c1e6723', '13', 'b48456d99d5d818f9f537bf2284682f4', '2019-6-23', '0');
INSERT INTO `saleslist` VALUES ('a8cc4275a5438203c0a1d3bd04f612cc', '46319995', '6cd875ce75f01a39ff0a4bbc87a3d6da', 'ab98710ec68d6cefad93e8ef0d819aa6', 'c4b936c9240e05cce744eb71e29ab28a', '17', 'ad14de42ea7dafea19a7bf475c9997ab', '2019-6-23', '0');
INSERT INTO `saleslist` VALUES ('a9e773821d50b94a27a93d50ec2b8cf4', '06053656', 'a63a5240e91373bd6cfb7abcc618cfba', 'f67bfe8acf23c7224356ff7d0c71299a', '7fb978f96e67a73d7d6486050430a92c', '11', '34931f0d31e9ab282ab1baee65fdde2e', '2019-6-23', '0');
INSERT INTO `saleslist` VALUES ('ab9e19f42a73c929e6dbee9711b2379c', '20386533', '87b065efb9d27ec53119a59b8d030c4d', 'ab98710ec68d6cefad93e8ef0d819aa6', 'a745ea3355120f868b2f67e513785062', '15', '42538d81c0b9709ee22a99d7498bd832', '2019-6-23', '0');
INSERT INTO `saleslist` VALUES ('abdea1a98c305dacada5b0314d2ed846', '78611240', 'dde5582b43ee37c0c49265063544db7f', '457330c3d05a6d89341c6a63a929c0fa', '38d66292b8c8562e6054d65368a794ef', '16', '4f0335ad313b8592aa287f459fd64556', '2019-6-23', '0');
INSERT INTO `saleslist` VALUES ('ac89f315988850aef9d45dc9b177c18b', '79335012', '50a6660a946e14fe8c5f3655866558cf', 'ab98710ec68d6cefad93e8ef0d819aa6', 'dc28f518216a4d38d6b5514868ee956a', '18', '928ca1d4de9f605f2f6012ac3646fa5f', '2019-6-23', '0');
INSERT INTO `saleslist` VALUES ('adf7d2eeb8f9fde918ba6491d4fcf800', '04304302', '50a6660a946e14fe8c5f3655866558cf', '2d722c023ca1039213a863f06652857f', 'a745ea3355120f868b2f67e513785062', '19', 'fdb68538b4f039166df2b8b410610f1a', '2019-6-23', '0');
INSERT INTO `saleslist` VALUES ('af0dde889061d8a3b4ed161ee0cdd9ce', '51166860', '7eb5380398462e60a6e455cb0306670c', '457330c3d05a6d89341c6a63a929c0fa', 'c4b936c9240e05cce744eb71e29ab28a', '10', '1ea3753adef9cd28e839c880a0fbf0a6', '2019-6-23', '0');
INSERT INTO `saleslist` VALUES ('af3215b3f2577290cc3b22ea1316c19d', '43462842', '72da084ee25803524b042b34515c16e7', 'f67bfe8acf23c7224356ff7d0c71299a', '38d66292b8c8562e6054d65368a794ef', '19', '41a527df5d749509d43e0b1932403296', '2019-6-23', '0');
INSERT INTO `saleslist` VALUES ('af7a4363eeba329777bdd0c76f21ae5d', '68635545', 'dde5582b43ee37c0c49265063544db7f', 'ab98710ec68d6cefad93e8ef0d819aa6', '7fb978f96e67a73d7d6486050430a92c', '16', '35d39a1aeaf0d482225143b3eb1344c7', '2019-6-23', '0');
INSERT INTO `saleslist` VALUES ('af846902cd1970279e82f7f44c06e005', '18753524', 'dde5582b43ee37c0c49265063544db7f', 'f67bfe8acf23c7224356ff7d0c71299a', 'c4b936c9240e05cce744eb71e29ab28a', '15', '30be76d6710f105365551319490af2a9', '2019-6-23', '0');
INSERT INTO `saleslist` VALUES ('b004f2f89eaa96a23d2b654e68a77982', '50031038', '72da084ee25803524b042b34515c16e7', '870994052f21a96352872a511774d3c7', 'dc28f518216a4d38d6b5514868ee956a', '18', '8a301d037a2c1377d76cdf8bb1aa9cd9', '2019-6-23', '0');
INSERT INTO `saleslist` VALUES ('b097f4051238544784142c777db0a147', '92393685', '6cd875ce75f01a39ff0a4bbc87a3d6da', 'f67bfe8acf23c7224356ff7d0c71299a', 'a745ea3355120f868b2f67e513785062', '18', '376a1cac8df3b05a0f93e05af9f58a5f', '2019-6-23', '0');
INSERT INTO `saleslist` VALUES ('b2c4113c05c58dd1fa652a9c4232328c', '04216652', '6e00d2118bfd557ac797b03a69a781e7', '2d722c023ca1039213a863f06652857f', 'c4b936c9240e05cce744eb71e29ab28a', '14', 'a88379ddff12a4c48e067da2aad9e583', '2019-6-23', '0');
INSERT INTO `saleslist` VALUES ('b300ed8305a2a6f65d7d3c50eaa28da2', '89507499', '6cd875ce75f01a39ff0a4bbc87a3d6da', '1dbc719be5b84382717e5653dd33048d', 'dc28f518216a4d38d6b5514868ee956a', '20', 'cf3702f02564fe627a4d5b4bee7296b9', '2019-6-23', '0');
INSERT INTO `saleslist` VALUES ('b3245742101558f0ac977bb4be110abd', '39062499', 'a63a5240e91373bd6cfb7abcc618cfba', '870994052f21a96352872a511774d3c7', '38d66292b8c8562e6054d65368a794ef', '12', 'a17cde66bea60abac0e1aae581b7d1a3', '2019-6-23', '0');
INSERT INTO `saleslist` VALUES ('b41f86df7971b615b9a13666f70be534', '85167544', '87b065efb9d27ec53119a59b8d030c4d', '2108b03e230345f753efc70cbe0001f8', 'c4b936c9240e05cce744eb71e29ab28a', '16', 'dd6d2a6c3ca42af14f1791ee071803c2', '2019-6-23', '0');
INSERT INTO `saleslist` VALUES ('b4f319d51aa4a185fef8946ca41b81ea', '98685695', 'dde5582b43ee37c0c49265063544db7f', '2d722c023ca1039213a863f06652857f', 'a745ea3355120f868b2f67e513785062', '11', 'a0f7661b553558fd89d0cc5f1e93d4f6', '2019-6-23', '0');
INSERT INTO `saleslist` VALUES ('b54633a63bba857e93f4a5823c6d8bbf', '15002036', 'a63a5240e91373bd6cfb7abcc618cfba', '2108b03e230345f753efc70cbe0001f8', 'a745ea3355120f868b2f67e513785062', '16', '1ce3c4c7f468f838f8f7a99fcdfd3032', '2019-6-23', '0');
INSERT INTO `saleslist` VALUES ('b55420b64b81474cc9a3d742f8936d9c', '08101867', '7eb5380398462e60a6e455cb0306670c', '2d722c023ca1039213a863f06652857f', 'a745ea3355120f868b2f67e513785062', '20', '3b9bf9577af56c9b9a63a914ca3d6275', '2019-6-23', '0');
INSERT INTO `saleslist` VALUES ('b5c73d332bc4f52952fa4ea3c04cf10a', '73696102', 'dde5582b43ee37c0c49265063544db7f', '2d722c023ca1039213a863f06652857f', '38d66292b8c8562e6054d65368a794ef', '11', '83c7b845841b3ca1cd4320f4460b969c', '2019-6-23', '0');
INSERT INTO `saleslist` VALUES ('b69c3dea58d7a2f8b331fba2e3002a18', '96248849', '50a6660a946e14fe8c5f3655866558cf', 'f67bfe8acf23c7224356ff7d0c71299a', '38d66292b8c8562e6054d65368a794ef', '14', 'f1d7893d460d32010d1c8ef0262e18a3', '2019-6-23', '0');
INSERT INTO `saleslist` VALUES ('b6b244debd179db526cd34681c2bd3b9', '88218318', '7eb5380398462e60a6e455cb0306670c', '2108b03e230345f753efc70cbe0001f8', 'a745ea3355120f868b2f67e513785062', '12', 'dd8512548ea68074b06f4b7fe1bc2742', '2019-6-23', '0');
INSERT INTO `saleslist` VALUES ('b74358bb99c4cdf47cbfdfb522200647', '62805927', '32b0a1ed0f322b16689345f0a711e522', '1dbc719be5b84382717e5653dd33048d', 'a745ea3355120f868b2f67e513785062', '17', '6cdba264daf1a102871c9c58d27a6509', '2019-6-23', '0');
INSERT INTO `saleslist` VALUES ('b816d7cdacb4e97e2e185124990d7df2', '23661488', 'a63a5240e91373bd6cfb7abcc618cfba', '2108b03e230345f753efc70cbe0001f8', '38d66292b8c8562e6054d65368a794ef', '17', 'e33558e422ed59252821b1d7ea739576', '2019-6-23', '0');
INSERT INTO `saleslist` VALUES ('b9062e46881f3c2953225a2530dace70', '48480597', '72da084ee25803524b042b34515c16e7', '870994052f21a96352872a511774d3c7', 'a745ea3355120f868b2f67e513785062', '16', '895ca9d21e76e70d3ce6e7789420a60d', '2019-6-23', '0');
INSERT INTO `saleslist` VALUES ('b943c3fbdd3bfe17d32b1d88c8ec7ca6', '90784872', '32b0a1ed0f322b16689345f0a711e522', '1dbc719be5b84382717e5653dd33048d', 'dc28f518216a4d38d6b5514868ee956a', '18', 'cf3702f02564fe627a4d5b4bee7296b9', '2019-6-23', '0');
INSERT INTO `saleslist` VALUES ('b9afef85cf401d7583441ac03110a69d', '24340872', '7eb5380398462e60a6e455cb0306670c', '457330c3d05a6d89341c6a63a929c0fa', '38d66292b8c8562e6054d65368a794ef', '18', '82bf390feaff3cc624725cc85218a2ba', '2019-6-23', '0');
INSERT INTO `saleslist` VALUES ('baab62525be8fcef9a1d2c567c9bfc03', '97817486', '6e00d2118bfd557ac797b03a69a781e7', '2d722c023ca1039213a863f06652857f', 'a745ea3355120f868b2f67e513785062', '17', '3a1c328bf9cf786d7fe039882c69ec8f', '2019-6-23', '0');
INSERT INTO `saleslist` VALUES ('bab6097b1f6f6a14e198c687834deb38', '39489066', '1c773d10944c536f7edc07ceca6cbc51', '870994052f21a96352872a511774d3c7', 'ac734c4f24dff6f431126f8f0c1e6723', '14', 'bdb5f2478bafd0bac10eee9fbd007664', '2019-6-23', '0');
INSERT INTO `saleslist` VALUES ('bb35bfd39e32ca2c3feb3cce274e9a71', '51268349', '7eb5380398462e60a6e455cb0306670c', '2108b03e230345f753efc70cbe0001f8', 'a745ea3355120f868b2f67e513785062', '15', '58c8b3ef90a824f5ee82547e12f26a6a', '2019-6-23', '0');
INSERT INTO `saleslist` VALUES ('bf47fb9045bb4a09cb170900542e0c5b', '18108822', '72da084ee25803524b042b34515c16e7', 'ab98710ec68d6cefad93e8ef0d819aa6', 'c4b936c9240e05cce744eb71e29ab28a', '15', 'ad14de42ea7dafea19a7bf475c9997ab', '2019-6-23', '0');
INSERT INTO `saleslist` VALUES ('bf8e9222e1ffc81517f13cce1847dc8d', '97930051', '87b065efb9d27ec53119a59b8d030c4d', '1dbc719be5b84382717e5653dd33048d', 'ac734c4f24dff6f431126f8f0c1e6723', '12', 'b48456d99d5d818f9f537bf2284682f4', '2019-6-23', '0');
INSERT INTO `saleslist` VALUES ('bf9ebde81ac1a739e97f37938c5f167e', '29714985', '50a6660a946e14fe8c5f3655866558cf', '69b19d48483c00b11d1e69f28510e465', 'c4b936c9240e05cce744eb71e29ab28a', '11', '600b522850ecd72e4081b6b36cc0b74e', '2019-6-23', '0');
INSERT INTO `saleslist` VALUES ('c0a90276866bfedc68fd97d0ab87a6d3', '16767260', '6cd875ce75f01a39ff0a4bbc87a3d6da', '2108b03e230345f753efc70cbe0001f8', 'a745ea3355120f868b2f67e513785062', '17', 'f0405b852ce19cbad93093f8bb8051fa', '2019-6-23', '0');
INSERT INTO `saleslist` VALUES ('c1112786498c2df2311160d0fc2c9b8e', '16715899', '1c773d10944c536f7edc07ceca6cbc51', 'f67bfe8acf23c7224356ff7d0c71299a', '7fb978f96e67a73d7d6486050430a92c', '17', '34931f0d31e9ab282ab1baee65fdde2e', '2019-6-23', '0');
INSERT INTO `saleslist` VALUES ('c1bfd116008d7dcdaf4551f6df165d3b', '44893035', '6e00d2118bfd557ac797b03a69a781e7', '870994052f21a96352872a511774d3c7', '38d66292b8c8562e6054d65368a794ef', '20', 'd1437debac24d3618c2cd907f5cc4371', '2019-6-23', '0');
INSERT INTO `saleslist` VALUES ('c29dba25b054469a89a29eeb5ab7dacf', '92996447', '1c773d10944c536f7edc07ceca6cbc51', 'f67bfe8acf23c7224356ff7d0c71299a', '7fb978f96e67a73d7d6486050430a92c', '17', '59f01f2d4c9fc72b90e5917a0d81854a', '2019-6-23', '0');
INSERT INTO `saleslist` VALUES ('c2f48ccbdba55d5cd3841bfeab48551d', '07079300', '87b065efb9d27ec53119a59b8d030c4d', 'f67bfe8acf23c7224356ff7d0c71299a', 'c4b936c9240e05cce744eb71e29ab28a', '17', '30be76d6710f105365551319490af2a9', '2019-6-23', '0');
INSERT INTO `saleslist` VALUES ('c3076be4e47d62898d454f29f6b8a438', '01478837', '6e00d2118bfd557ac797b03a69a781e7', '2d722c023ca1039213a863f06652857f', 'a745ea3355120f868b2f67e513785062', '19', '3a1c328bf9cf786d7fe039882c69ec8f', '2019-6-23', '0');
INSERT INTO `saleslist` VALUES ('c35ce824036bd618f08b66c81b0a9057', '19145588', '7eb5380398462e60a6e455cb0306670c', '457330c3d05a6d89341c6a63a929c0fa', 'dc28f518216a4d38d6b5514868ee956a', '15', '695c36bace4885a3c3006c6086fc217e', '2019-6-23', '0');
INSERT INTO `saleslist` VALUES ('c3a5c9a7dc22f22f53094d28e9ee3b2c', '21700816', '1c773d10944c536f7edc07ceca6cbc51', '2108b03e230345f753efc70cbe0001f8', 'dc28f518216a4d38d6b5514868ee956a', '10', '00d9fed6cada81fabebe698e1fb1ac24', '2019-6-23', '0');
INSERT INTO `saleslist` VALUES ('c3a974c3d5f5c67d3417e75af2307383', '96099630', '32b0a1ed0f322b16689345f0a711e522', '457330c3d05a6d89341c6a63a929c0fa', '38d66292b8c8562e6054d65368a794ef', '11', '82bf390feaff3cc624725cc85218a2ba', '2019-6-23', '0');
INSERT INTO `saleslist` VALUES ('c3e178e7cd5c94318b360937a8f63ed0', '25911657', '1c773d10944c536f7edc07ceca6cbc51', '2108b03e230345f753efc70cbe0001f8', 'c4b936c9240e05cce744eb71e29ab28a', '12', 'dd6d2a6c3ca42af14f1791ee071803c2', '2019-6-23', '0');
INSERT INTO `saleslist` VALUES ('c6344fbe19d56e94babcc41162ee5e28', '77675561', '1c773d10944c536f7edc07ceca6cbc51', '870994052f21a96352872a511774d3c7', 'ac734c4f24dff6f431126f8f0c1e6723', '13', 'bdb5f2478bafd0bac10eee9fbd007664', '2019-6-23', '0');
INSERT INTO `saleslist` VALUES ('c70a9f5000cec5924172be87231f4094', '66919239', '6cd875ce75f01a39ff0a4bbc87a3d6da', '2108b03e230345f753efc70cbe0001f8', '7fb978f96e67a73d7d6486050430a92c', '19', '3d6ea1929c2eb05fcb12277c10239b3f', '2019-6-23', '0');
INSERT INTO `saleslist` VALUES ('c7106b34bf2ffcd775b60739b47d5a48', '89882319', 'dde5582b43ee37c0c49265063544db7f', '1dbc719be5b84382717e5653dd33048d', 'a745ea3355120f868b2f67e513785062', '15', 'fb15a5c42773dbf6f79d42b5b7eb0c15', '2019-6-23', '0');
INSERT INTO `saleslist` VALUES ('c818116c633ba66a036b2e0e8b91652c', '90876234', '6e00d2118bfd557ac797b03a69a781e7', '69b19d48483c00b11d1e69f28510e465', 'c4b936c9240e05cce744eb71e29ab28a', '11', '6775b745e4d135545f7d6a8715f97415', '2019-6-23', '0');
INSERT INTO `saleslist` VALUES ('c84e6c90716761ad244a8059615159dd', '77282209', '72da084ee25803524b042b34515c16e7', '2108b03e230345f753efc70cbe0001f8', 'c4b936c9240e05cce744eb71e29ab28a', '13', 'baae43cda73c29652c587d31ac75e5a4', '2019-6-23', '0');
INSERT INTO `saleslist` VALUES ('c9cb06119ad7a5de9a0a9ce8904ebccb', '67901379', 'a63a5240e91373bd6cfb7abcc618cfba', '870994052f21a96352872a511774d3c7', '38d66292b8c8562e6054d65368a794ef', '20', 'd1437debac24d3618c2cd907f5cc4371', '2019-6-23', '0');
INSERT INTO `saleslist` VALUES ('ca00c8cffef38115b8afad0f8a6a3836', '35363803', '6e00d2118bfd557ac797b03a69a781e7', '457330c3d05a6d89341c6a63a929c0fa', 'ac734c4f24dff6f431126f8f0c1e6723', '14', '7300a98980ef8698d128e175ff2f5a2d', '2019-6-23', '0');
INSERT INTO `saleslist` VALUES ('cb04b9b0dd046956febd53f1f9618d2b', '20314845', '1c773d10944c536f7edc07ceca6cbc51', '2d722c023ca1039213a863f06652857f', 'dc28f518216a4d38d6b5514868ee956a', '18', 'da92046ed41642075b2b8b3026f85086', '2019-6-23', '0');
INSERT INTO `saleslist` VALUES ('cb311f0bc624c7e698693c4666916981', '97274513', 'a63a5240e91373bd6cfb7abcc618cfba', '870994052f21a96352872a511774d3c7', 'a745ea3355120f868b2f67e513785062', '15', '13fe12930969a1cb6a6a95b3dfccb039', '2019-6-23', '0');
INSERT INTO `saleslist` VALUES ('cbc7838a460bf471d34980cd7f432c2c', '75244514', '1c773d10944c536f7edc07ceca6cbc51', 'f67bfe8acf23c7224356ff7d0c71299a', 'c4b936c9240e05cce744eb71e29ab28a', '18', '2708f1b6717845bae5b6b71607e55cd7', '2019-6-23', '0');
INSERT INTO `saleslist` VALUES ('cc7411ec9703a121fde987b157278352', '32514450', 'a63a5240e91373bd6cfb7abcc618cfba', '870994052f21a96352872a511774d3c7', 'dc28f518216a4d38d6b5514868ee956a', '10', '34b8ac24fd8522b68fd6fc06101985cf', '2019-6-23', '0');
INSERT INTO `saleslist` VALUES ('ccef2287585ac36cb8c3f6e6328b36e9', '78322643', '72da084ee25803524b042b34515c16e7', '69b19d48483c00b11d1e69f28510e465', 'ac734c4f24dff6f431126f8f0c1e6723', '16', '406cd43d9bab521456dff181371ea156', '2019-6-23', '0');
INSERT INTO `saleslist` VALUES ('cd90896642de397447d2624a5afe57b7', '16264588', '87b065efb9d27ec53119a59b8d030c4d', '870994052f21a96352872a511774d3c7', 'ac734c4f24dff6f431126f8f0c1e6723', '15', 'd4aafb6b962893b4ad75e6e54c99fa2a', '2019-6-23', '0');
INSERT INTO `saleslist` VALUES ('cee9dbbca6ac209499bb6b42df1b5ae5', '68331640', '1c773d10944c536f7edc07ceca6cbc51', 'ab98710ec68d6cefad93e8ef0d819aa6', 'a745ea3355120f868b2f67e513785062', '10', '42538d81c0b9709ee22a99d7498bd832', '2019-6-23', '0');
INSERT INTO `saleslist` VALUES ('d0403d192afa9137341bfc58c3c15987', '73038241', '32b0a1ed0f322b16689345f0a711e522', '2108b03e230345f753efc70cbe0001f8', 'a745ea3355120f868b2f67e513785062', '16', 'dd8512548ea68074b06f4b7fe1bc2742', '2019-6-23', '0');
INSERT INTO `saleslist` VALUES ('d12bd2e1493cb132e48a05f99bbb79ae', '91329587', '6e00d2118bfd557ac797b03a69a781e7', '1dbc719be5b84382717e5653dd33048d', '38d66292b8c8562e6054d65368a794ef', '10', '7ddce767bede755d3a110449ddb8a720', '2019-6-23', '0');
INSERT INTO `saleslist` VALUES ('d1824b88b884605e91d4ebb30f93e973', '66686010', '32b0a1ed0f322b16689345f0a711e522', 'ab98710ec68d6cefad93e8ef0d819aa6', '7fb978f96e67a73d7d6486050430a92c', '13', '1aee1e6f8769fb45b1bde3443265b49d', '2019-6-23', '0');
INSERT INTO `saleslist` VALUES ('d1a2e3a991c9036dfd1082439d9a4ba3', '36012643', '1c773d10944c536f7edc07ceca6cbc51', 'ab98710ec68d6cefad93e8ef0d819aa6', 'a745ea3355120f868b2f67e513785062', '20', '42538d81c0b9709ee22a99d7498bd832', '2019-6-23', '0');
INSERT INTO `saleslist` VALUES ('d1dc1552d205fede65e6b38e6632cc13', '35928348', '7eb5380398462e60a6e455cb0306670c', '457330c3d05a6d89341c6a63a929c0fa', 'a745ea3355120f868b2f67e513785062', '17', '74d468be9ae68551efe041144739ef69', '2019-6-23', '0');
INSERT INTO `saleslist` VALUES ('d37b4a236bf4ab779ab34ae274cb7a61', '92886899', '1c773d10944c536f7edc07ceca6cbc51', 'f67bfe8acf23c7224356ff7d0c71299a', 'c4b936c9240e05cce744eb71e29ab28a', '20', '7ab0e83acb6ddb5f7e54c287871d8bd6', '2019-6-23', '0');
INSERT INTO `saleslist` VALUES ('d496d074989a3743baa36ea8e8feac32', '18285423', 'a63a5240e91373bd6cfb7abcc618cfba', 'f67bfe8acf23c7224356ff7d0c71299a', '7fb978f96e67a73d7d6486050430a92c', '10', '34931f0d31e9ab282ab1baee65fdde2e', '2019-6-23', '0');
INSERT INTO `saleslist` VALUES ('d55092ccfe0e76f361accb99287610d8', '36652500', 'dde5582b43ee37c0c49265063544db7f', '457330c3d05a6d89341c6a63a929c0fa', 'ac734c4f24dff6f431126f8f0c1e6723', '12', '7300a98980ef8698d128e175ff2f5a2d', '2019-6-23', '0');
INSERT INTO `saleslist` VALUES ('d67f7ba7a7ee2c8a33af34fdf53d695f', '00929572', '87b065efb9d27ec53119a59b8d030c4d', 'f67bfe8acf23c7224356ff7d0c71299a', 'c4b936c9240e05cce744eb71e29ab28a', '19', '7ab0e83acb6ddb5f7e54c287871d8bd6', '2019-6-23', '0');
INSERT INTO `saleslist` VALUES ('d6a67263565e67e20220a32f1dc48e3d', '97468526', 'dde5582b43ee37c0c49265063544db7f', 'ab98710ec68d6cefad93e8ef0d819aa6', '7fb978f96e67a73d7d6486050430a92c', '10', '35d39a1aeaf0d482225143b3eb1344c7', '2019-6-23', '0');
INSERT INTO `saleslist` VALUES ('d81aac5b34f61f77bec5922b12b9f084', '06852847', '32b0a1ed0f322b16689345f0a711e522', '1dbc719be5b84382717e5653dd33048d', '7fb978f96e67a73d7d6486050430a92c', '15', '4aa64bba794b63e2cb216c1ca79efb1d', '2019-6-23', '0');
INSERT INTO `saleslist` VALUES ('d845dfa62403ab8c6c9aabf6f1908718', '95124251', '87b065efb9d27ec53119a59b8d030c4d', '1dbc719be5b84382717e5653dd33048d', '38d66292b8c8562e6054d65368a794ef', '10', '103ec541f082681efdd2acfaf3c9ff50', '2019-6-23', '0');
INSERT INTO `saleslist` VALUES ('d890551635395c8c2169c41ca2ea5272', '03557295', '7eb5380398462e60a6e455cb0306670c', '2108b03e230345f753efc70cbe0001f8', 'ac734c4f24dff6f431126f8f0c1e6723', '12', '2e4629e697a99291c7f16aac376424d6', '2019-6-23', '0');
INSERT INTO `saleslist` VALUES ('d99c62fcb943e6db0ec0f72c13508f3a', '49019898', 'dde5582b43ee37c0c49265063544db7f', '457330c3d05a6d89341c6a63a929c0fa', 'c4b936c9240e05cce744eb71e29ab28a', '14', '0c88055e2e4621f037c8c91de29a3c4e', '2019-6-23', '0');
INSERT INTO `saleslist` VALUES ('db8368867f09f6b50a0e983379e984a5', '62280586', '7eb5380398462e60a6e455cb0306670c', '2108b03e230345f753efc70cbe0001f8', 'a745ea3355120f868b2f67e513785062', '16', '1ce3c4c7f468f838f8f7a99fcdfd3032', '2019-6-23', '0');
INSERT INTO `saleslist` VALUES ('ddb52b4a8f50439b042a44b53e403cca', '56895471', 'a63a5240e91373bd6cfb7abcc618cfba', '1dbc719be5b84382717e5653dd33048d', '38d66292b8c8562e6054d65368a794ef', '18', '9d796862ceb14c7784396f5540475df4', '2019-6-23', '0');
INSERT INTO `saleslist` VALUES ('de91d6abb4a6904084f1864d14146025', '12004918', '87b065efb9d27ec53119a59b8d030c4d', '457330c3d05a6d89341c6a63a929c0fa', 'c4b936c9240e05cce744eb71e29ab28a', '16', '1ea3753adef9cd28e839c880a0fbf0a6', '2019-6-23', '0');
INSERT INTO `saleslist` VALUES ('ded23c037620572854bc2b05f267be6d', '22767979', '7eb5380398462e60a6e455cb0306670c', '2108b03e230345f753efc70cbe0001f8', '7fb978f96e67a73d7d6486050430a92c', '10', '3d6ea1929c2eb05fcb12277c10239b3f', '2019-6-23', '0');
INSERT INTO `saleslist` VALUES ('df6c0a57f5f77693d236c3e63cd40cfb', '22775685', 'a63a5240e91373bd6cfb7abcc618cfba', 'f67bfe8acf23c7224356ff7d0c71299a', 'c4b936c9240e05cce744eb71e29ab28a', '13', '7ab0e83acb6ddb5f7e54c287871d8bd6', '2019-6-23', '0');
INSERT INTO `saleslist` VALUES ('df9277011264f7469a34db9e3ace0738', '57662822', '7eb5380398462e60a6e455cb0306670c', 'f67bfe8acf23c7224356ff7d0c71299a', '38d66292b8c8562e6054d65368a794ef', '19', '5bad933a5af7c31789232e20b2d1bba1', '2019-6-23', '0');
INSERT INTO `saleslist` VALUES ('dfee327837b187b65f653ff386385400', '07688108', '72da084ee25803524b042b34515c16e7', '69b19d48483c00b11d1e69f28510e465', 'c4b936c9240e05cce744eb71e29ab28a', '11', '600b522850ecd72e4081b6b36cc0b74e', '2019-6-23', '0');
INSERT INTO `saleslist` VALUES ('e163e6454429a0d7ee57536617310c4e', '00051237', '50a6660a946e14fe8c5f3655866558cf', '2108b03e230345f753efc70cbe0001f8', 'c4b936c9240e05cce744eb71e29ab28a', '13', 'ae2ac2070d521f0b10902d49fef4a172', '2019-6-23', '0');
INSERT INTO `saleslist` VALUES ('e16e664d6470cce125c8277e3b7a350c', '04384016', '72da084ee25803524b042b34515c16e7', '1dbc719be5b84382717e5653dd33048d', 'dc28f518216a4d38d6b5514868ee956a', '16', 'd0f486d5750225ab0bae6b0097d4f358', '2019-6-23', '0');
INSERT INTO `saleslist` VALUES ('e170c67993db1b89329bf8b68d8c9218', '57266469', 'a63a5240e91373bd6cfb7abcc618cfba', '2108b03e230345f753efc70cbe0001f8', 'a745ea3355120f868b2f67e513785062', '16', 'f0405b852ce19cbad93093f8bb8051fa', '2019-6-23', '0');
INSERT INTO `saleslist` VALUES ('e198760649e146e8fbfc5eb8ec4b694d', '29816874', '6cd875ce75f01a39ff0a4bbc87a3d6da', '69b19d48483c00b11d1e69f28510e465', 'ac734c4f24dff6f431126f8f0c1e6723', '12', '406cd43d9bab521456dff181371ea156', '2019-6-23', '0');
INSERT INTO `saleslist` VALUES ('e20354695e446ced2afcb14d9f47861a', '04850521', '32b0a1ed0f322b16689345f0a711e522', '457330c3d05a6d89341c6a63a929c0fa', '7fb978f96e67a73d7d6486050430a92c', '18', '7a339a79e6b04d8645fd4ab059eb59c8', '2019-6-23', '0');
INSERT INTO `saleslist` VALUES ('e355cf25696a8d4ded733c1076fbc37a', '95012427', '1c773d10944c536f7edc07ceca6cbc51', '69b19d48483c00b11d1e69f28510e465', 'dc28f518216a4d38d6b5514868ee956a', '14', 'f8f57b63f9eb7b71d7a2f74c0673ea12', '2019-6-23', '0');
INSERT INTO `saleslist` VALUES ('e3d249673b489856362daa993ca09fdd', '79935915', 'dde5582b43ee37c0c49265063544db7f', 'f67bfe8acf23c7224356ff7d0c71299a', '7fb978f96e67a73d7d6486050430a92c', '17', 'aee5d09d5b8d4b9010d649d147791b10', '2019-6-23', '0');
INSERT INTO `saleslist` VALUES ('e41d5771b175580214818d50b66673d1', '43929343', '50a6660a946e14fe8c5f3655866558cf', '457330c3d05a6d89341c6a63a929c0fa', '7fb978f96e67a73d7d6486050430a92c', '19', '7a339a79e6b04d8645fd4ab059eb59c8', '2019-6-23', '0');
INSERT INTO `saleslist` VALUES ('e42262b85d3637a6d3e5dbe5868b64de', '47496484', '87b065efb9d27ec53119a59b8d030c4d', '2108b03e230345f753efc70cbe0001f8', 'a745ea3355120f868b2f67e513785062', '11', 'dd8512548ea68074b06f4b7fe1bc2742', '2019-6-23', '0');
INSERT INTO `saleslist` VALUES ('e525e20dc4059c2848c3b2261301f1d8', '21533004', '7eb5380398462e60a6e455cb0306670c', 'f67bfe8acf23c7224356ff7d0c71299a', 'a745ea3355120f868b2f67e513785062', '14', '376a1cac8df3b05a0f93e05af9f58a5f', '2019-6-23', '0');
INSERT INTO `saleslist` VALUES ('e52b00b3402afba08e7426d37f5e7197', '11717188', '50a6660a946e14fe8c5f3655866558cf', '870994052f21a96352872a511774d3c7', 'dc28f518216a4d38d6b5514868ee956a', '12', '34b8ac24fd8522b68fd6fc06101985cf', '2019-6-23', '0');
INSERT INTO `saleslist` VALUES ('e550dfd98db874f63392c5f8be1c08f8', '82229917', '32b0a1ed0f322b16689345f0a711e522', '1dbc719be5b84382717e5653dd33048d', 'a745ea3355120f868b2f67e513785062', '14', 'f1c208fc341a5b95d55a7c72fca2e567', '2019-6-23', '0');
INSERT INTO `saleslist` VALUES ('e5bd9a4fdd1a08916cbc0d3e3138b79d', '67166348', '87b065efb9d27ec53119a59b8d030c4d', 'f67bfe8acf23c7224356ff7d0c71299a', 'c4b936c9240e05cce744eb71e29ab28a', '13', '751da511e2a9197cbe5438450ec5fede', '2019-6-23', '0');
INSERT INTO `saleslist` VALUES ('e7fef99e89fedcc29b6d2e52ae23078c', '98122423', '1c773d10944c536f7edc07ceca6cbc51', 'f67bfe8acf23c7224356ff7d0c71299a', 'c4b936c9240e05cce744eb71e29ab28a', '11', '30be76d6710f105365551319490af2a9', '2019-6-23', '0');
INSERT INTO `saleslist` VALUES ('e8939078d092666fcb13d7ffceb73490', '35020595', '6cd875ce75f01a39ff0a4bbc87a3d6da', '2d722c023ca1039213a863f06652857f', 'dc28f518216a4d38d6b5514868ee956a', '20', 'da92046ed41642075b2b8b3026f85086', '2019-6-23', '0');
INSERT INTO `saleslist` VALUES ('e9a537fadc78a800338e2d8bc8ac0c2f', '73857147', '6cd875ce75f01a39ff0a4bbc87a3d6da', '2d722c023ca1039213a863f06652857f', 'ac734c4f24dff6f431126f8f0c1e6723', '11', 'e2d3fb9173932dbeab913c80d3eaec11', '2019-6-23', '0');
INSERT INTO `saleslist` VALUES ('ea08890918b597da95cce1db52a8211c', '88031312', '7eb5380398462e60a6e455cb0306670c', '69b19d48483c00b11d1e69f28510e465', 'dc28f518216a4d38d6b5514868ee956a', '19', '84e50691f963a786fbe066c1d378fb00', '2019-6-23', '0');
INSERT INTO `saleslist` VALUES ('ea49968ee9a0c99735272f85d8bc62f1', '61901606', '50a6660a946e14fe8c5f3655866558cf', '457330c3d05a6d89341c6a63a929c0fa', '38d66292b8c8562e6054d65368a794ef', '19', '82bf390feaff3cc624725cc85218a2ba', '2019-6-23', '0');
INSERT INTO `saleslist` VALUES ('ea8cabf370254d5a864fb0c6f9076105', '00981669', '72da084ee25803524b042b34515c16e7', '1dbc719be5b84382717e5653dd33048d', 'ac734c4f24dff6f431126f8f0c1e6723', '15', '88c827143814363f6f19bec86ee2e642', '2019-6-23', '0');
INSERT INTO `saleslist` VALUES ('eb476d83c74e4ad7c5f6cbb32b2f1e84', '38283123', '1c773d10944c536f7edc07ceca6cbc51', '457330c3d05a6d89341c6a63a929c0fa', 'a745ea3355120f868b2f67e513785062', '15', '26e7b9006656c445a36196c749025f49', '2019-6-23', '0');
INSERT INTO `saleslist` VALUES ('ed49b999d191cfe484fb24703782a032', '20317400', 'dde5582b43ee37c0c49265063544db7f', '870994052f21a96352872a511774d3c7', '38d66292b8c8562e6054d65368a794ef', '18', '7a699d50d21d38a8462bc47587a3a009', '2019-6-23', '0');
INSERT INTO `saleslist` VALUES ('ee94d710af3ce6c3b890965e9bfeb86a', '81457257', '7eb5380398462e60a6e455cb0306670c', '2108b03e230345f753efc70cbe0001f8', 'dc28f518216a4d38d6b5514868ee956a', '15', '00d9fed6cada81fabebe698e1fb1ac24', '2019-6-23', '0');
INSERT INTO `saleslist` VALUES ('eee19764cf038759f0a7f51bd087c38a', '92747311', '50a6660a946e14fe8c5f3655866558cf', '2d722c023ca1039213a863f06652857f', 'a745ea3355120f868b2f67e513785062', '19', 'a0f7661b553558fd89d0cc5f1e93d4f6', '2019-6-23', '0');
INSERT INTO `saleslist` VALUES ('ef0ec974cce0432e3fa119e0eb4e087a', '24505609', '7eb5380398462e60a6e455cb0306670c', '2d722c023ca1039213a863f06652857f', '38d66292b8c8562e6054d65368a794ef', '14', '83c7b845841b3ca1cd4320f4460b969c', '2019-6-23', '0');
INSERT INTO `saleslist` VALUES ('efb06c0d075e7f0475b82ddf6c8d4117', '79443069', '87b065efb9d27ec53119a59b8d030c4d', '2108b03e230345f753efc70cbe0001f8', 'a745ea3355120f868b2f67e513785062', '17', '9d8a1c37a30294198cbe77f9dd2dbf5d', '2019-6-23', '0');
INSERT INTO `saleslist` VALUES ('f036e8a760e1bae584603bf1e549fbef', '46420678', '1c773d10944c536f7edc07ceca6cbc51', '1dbc719be5b84382717e5653dd33048d', 'a745ea3355120f868b2f67e513785062', '18', '6cdba264daf1a102871c9c58d27a6509', '2019-6-23', '0');
INSERT INTO `saleslist` VALUES ('f09fd48bc44f5fda16121cae9eef36b1', '86295992', 'dde5582b43ee37c0c49265063544db7f', '2108b03e230345f753efc70cbe0001f8', 'c4b936c9240e05cce744eb71e29ab28a', '20', 'ae2ac2070d521f0b10902d49fef4a172', '2019-6-23', '0');
INSERT INTO `saleslist` VALUES ('f0a3c14c66037f935b499a288e75b61a', '90915697', '6cd875ce75f01a39ff0a4bbc87a3d6da', '457330c3d05a6d89341c6a63a929c0fa', 'dc28f518216a4d38d6b5514868ee956a', '13', '6baa03a93b8845135fb7b972962ee893', '2019-6-23', '0');
INSERT INTO `saleslist` VALUES ('f2b40ad272f23f269981664b73feed28', '97962613', '7eb5380398462e60a6e455cb0306670c', '870994052f21a96352872a511774d3c7', 'dc28f518216a4d38d6b5514868ee956a', '19', '34b8ac24fd8522b68fd6fc06101985cf', '2019-6-23', '0');
INSERT INTO `saleslist` VALUES ('f3aee3e802254f5123c29a521f414558', '69011459', '72da084ee25803524b042b34515c16e7', '2108b03e230345f753efc70cbe0001f8', '38d66292b8c8562e6054d65368a794ef', '18', '74932cd591cdd880fddf729c3896eb7d', '2019-6-23', '0');
INSERT INTO `saleslist` VALUES ('f509afc3705d07ce12ac923432af0381', '97300669', 'a63a5240e91373bd6cfb7abcc618cfba', '870994052f21a96352872a511774d3c7', '7fb978f96e67a73d7d6486050430a92c', '18', 'aa98d508d7e30b1106614c62b046a7b1', '2019-6-23', '0');
INSERT INTO `saleslist` VALUES ('f5a13f33e92344e0919571baf18a68c3', '86297253', 'a63a5240e91373bd6cfb7abcc618cfba', '2108b03e230345f753efc70cbe0001f8', 'a745ea3355120f868b2f67e513785062', '19', '9d8a1c37a30294198cbe77f9dd2dbf5d', '2019-6-23', '0');
INSERT INTO `saleslist` VALUES ('f62a09097a15af7650d1d6150506630f', '70058439', '50a6660a946e14fe8c5f3655866558cf', '1dbc719be5b84382717e5653dd33048d', 'a745ea3355120f868b2f67e513785062', '18', '5c0eb90adaa3e7d5776d6aaba893900d', '2019-6-23', '0');
INSERT INTO `saleslist` VALUES ('f73140effc25f9cc10493f2d36d28cb4', '67984258', '72da084ee25803524b042b34515c16e7', '457330c3d05a6d89341c6a63a929c0fa', 'a745ea3355120f868b2f67e513785062', '10', '232314b212c28eb0df96bcd2acf7c588', '2019-6-23', '0');
INSERT INTO `saleslist` VALUES ('f758ad9e0e86f4177f0004a1dbbb1aa6', '68084438', 'a63a5240e91373bd6cfb7abcc618cfba', 'f67bfe8acf23c7224356ff7d0c71299a', 'c4b936c9240e05cce744eb71e29ab28a', '13', '30be76d6710f105365551319490af2a9', '2019-6-23', '0');
INSERT INTO `saleslist` VALUES ('f7a64e5263970e060b05c30fc51aac57', '77999536', 'dde5582b43ee37c0c49265063544db7f', 'ab98710ec68d6cefad93e8ef0d819aa6', '38d66292b8c8562e6054d65368a794ef', '15', '26bc968e6772abb91ac9ce779b998fbf', '2019-6-23', '0');
INSERT INTO `saleslist` VALUES ('f81f66a5ebc0b2fcd41665d73d0a72df', '00893973', '32b0a1ed0f322b16689345f0a711e522', '2108b03e230345f753efc70cbe0001f8', 'c4b936c9240e05cce744eb71e29ab28a', '20', 'ae2ac2070d521f0b10902d49fef4a172', '2019-6-23', '0');
INSERT INTO `saleslist` VALUES ('f944eb3e4da1fd3fc5202cc7cf4f7ddd', '08442290', 'dde5582b43ee37c0c49265063544db7f', 'f67bfe8acf23c7224356ff7d0c71299a', 'a745ea3355120f868b2f67e513785062', '16', '376a1cac8df3b05a0f93e05af9f58a5f', '2019-6-23', '0');
INSERT INTO `saleslist` VALUES ('f95fe8b0a77b18992581abb13842d43e', '97998867', 'dde5582b43ee37c0c49265063544db7f', '2d722c023ca1039213a863f06652857f', 'c4b936c9240e05cce744eb71e29ab28a', '15', 'a88379ddff12a4c48e067da2aad9e583', '2019-6-23', '0');
INSERT INTO `saleslist` VALUES ('fbca217ae0de6e257bf526dd50111665', '83333997', '6e00d2118bfd557ac797b03a69a781e7', 'f67bfe8acf23c7224356ff7d0c71299a', '7fb978f96e67a73d7d6486050430a92c', '16', '27762286381e59a417fc35f4d40d897f', '2019-6-23', '0');
INSERT INTO `saleslist` VALUES ('fc2a8b818e108e97e8e66972f01c1def', '27805218', '7eb5380398462e60a6e455cb0306670c', 'ab98710ec68d6cefad93e8ef0d819aa6', '7fb978f96e67a73d7d6486050430a92c', '14', '1aee1e6f8769fb45b1bde3443265b49d', '2019-6-23', '0');
INSERT INTO `saleslist` VALUES ('fc3fa8df4473f9c824bbb60eb2d777e4', '14424824', '72da084ee25803524b042b34515c16e7', '2d722c023ca1039213a863f06652857f', 'c4b936c9240e05cce744eb71e29ab28a', '17', 'a88379ddff12a4c48e067da2aad9e583', '2019-6-23', '0');
INSERT INTO `saleslist` VALUES ('fd1e5058d15a7d95d15579babc8a96cd', '39362956', 'dde5582b43ee37c0c49265063544db7f', 'ab98710ec68d6cefad93e8ef0d819aa6', '7fb978f96e67a73d7d6486050430a92c', '13', '1aee1e6f8769fb45b1bde3443265b49d', '2019-6-23', '0');
INSERT INTO `saleslist` VALUES ('feb3b5087cd2523b22ef500b1ecf057b', '11902293', 'dde5582b43ee37c0c49265063544db7f', '1dbc719be5b84382717e5653dd33048d', 'dc28f518216a4d38d6b5514868ee956a', '12', '0765f1c44ac81484f800e51e2ea70573', '2019-6-23', '0');

-- ----------------------------
-- Table structure for user
-- ----------------------------
DROP TABLE IF EXISTS `user`;
CREATE TABLE `user` (
  `userId` char(32) CHARACTER SET utf8 COLLATE utf8_general_ci NOT NULL,
  `userName` char(20) CHARACTER SET utf8 COLLATE utf8_general_ci NOT NULL,
  `userPassword` char(20) CHARACTER SET utf8 COLLATE utf8_general_ci NOT NULL,
  `userIdentity` int(1) NOT NULL DEFAULT '0',
  `userDeleteFlag` int(1) NOT NULL DEFAULT '0',
  PRIMARY KEY (`userId`)
) ENGINE=InnoDB DEFAULT CHARSET=utf8 COLLATE=utf8_general_ci;

-- ----------------------------
-- Records of user
-- ----------------------------
INSERT INTO `user` VALUES ('1c773d10944c536f7edc07ceca6cbc51', '汪军', '945717', '0', '0');
INSERT INTO `user` VALUES ('32b0a1ed0f322b16689345f0a711e522', '朱秀芳', '219044', '0', '0');
INSERT INTO `user` VALUES ('50a6660a946e14fe8c5f3655866558cf', '王洁', '669319', '0', '0');
INSERT INTO `user` VALUES ('6cd875ce75f01a39ff0a4bbc87a3d6da', '李敏', '280761', '0', '0');
INSERT INTO `user` VALUES ('6e00d2118bfd557ac797b03a69a781e7', '苏桂花', '124608', '0', '0');
INSERT INTO `user` VALUES ('72da084ee25803524b042b34515c16e7', '高桂英', '358163', '0', '0');
INSERT INTO `user` VALUES ('7eb5380398462e60a6e455cb0306670c', '赵颖', '170693', '0', '0');
INSERT INTO `user` VALUES ('87b065efb9d27ec53119a59b8d030c4d', '王桂香', '923121', '0', '0');
INSERT INTO `user` VALUES ('a63a5240e91373bd6cfb7abcc618cfba', '李博', '059326', '0', '0');
INSERT INTO `user` VALUES ('dde5582b43ee37c0c49265063544db7f', '曲艳', '060920', '0', '0');

-- ----------------------------
-- Table structure for warehouse
-- ----------------------------
DROP TABLE IF EXISTS `warehouse`;
CREATE TABLE `warehouse` (
  `warehouseId` char(32) NOT NULL,
  `warehouseName` char(20) CHARACTER SET utf8 COLLATE utf8_general_ci NOT NULL,
  `warehousePosition` char(20) CHARACTER SET utf8 COLLATE utf8_general_ci NOT NULL,
  `warehouseDeleteFlag` int(1) NOT NULL DEFAULT '0',
  PRIMARY KEY (`warehouseId`)
) ENGINE=InnoDB DEFAULT CHARSET=utf8 COLLATE=utf8_general_ci;

-- ----------------------------
-- Records of warehouse
-- ----------------------------
INSERT INTO `warehouse` VALUES ('1dbc719be5b84382717e5653dd33048d', '中粮集团', '北京市', '0');
INSERT INTO `warehouse` VALUES ('2108b03e230345f753efc70cbe0001f8', '甄选食品', '强乐县', '0');
INSERT INTO `warehouse` VALUES ('2d722c023ca1039213a863f06652857f', '宜家', '龙口市', '0');
INSERT INTO `warehouse` VALUES ('457330c3d05a6d89341c6a63a929c0fa', '乐乐日用', '成都市', '0');
INSERT INTO `warehouse` VALUES ('69b19d48483c00b11d1e69f28510e465', '宝洁集团', '秀兰县', '0');
INSERT INTO `warehouse` VALUES ('870994052f21a96352872a511774d3c7', '朵猫百货', '玉珍市', '0');
INSERT INTO `warehouse` VALUES ('ab98710ec68d6cefad93e8ef0d819aa6', '悦库制造', '长沙市', '0');
INSERT INTO `warehouse` VALUES ('f67bfe8acf23c7224356ff7d0c71299a', '纽克集团', '大冶市', '0');
